{
    "Chandigarh": [
        20.8415619,
        84.3213321
    ],
    "Ajmer": [
        26.65573395,
        79.51504701181831
    ],
    "Raebareli": [
        24.562463649999998,
        93.8012483746545
    ],
    "Baleswar": [
        32.301710400000005,
        75.65864246622084
    ],
    "Ukhrul": [
        16.1853166,
        75.6967919
    ],
    "Pakur": [
        28.6138954,
        77.2090057
    ],
    "Washim": [
        25.47907705,
        93.72563659313207
    ],
    "Udham Singh Nagar": [
        31.583333,
        76.25
    ],
    "Tiruvarur": [
        23.4930788,
        74.34840231310622
    ],
    "Malkangiri": [
        27.662826000000003,
        75.02792628691331
    ],
    "Ambala": [
        25.15247135,
        85.00687848982191
    ],
    "Pauri Garhwal": [
        20.866667,
        70.75
    ],
    "Dhamtari": [
        30.7047049,
        76.7178146
    ],
    "Bijapur(CGH)": [
        29.048098799999998,
        79.4313133223357
    ],
    "Sahibganj": [
        17.7231276,
        83.3012842
    ],
    "Ri Bhoi": [
        27.26521245,
        77.36912554739122
    ],
    "Budaun": [
        21.6409,
        69.611
    ],
    "Auraiya": [
        16.083333,
        77.166667
    ],
    "Amritsar": [
        27.3005145,
        88.2360673
    ],
    "Sitamarhi": [
        30.336099599999997,
        74.11794319222481
    ],
    "Diu": [
        8.079252,
        77.5499338
    ],
    "Wokha": [
        29.168807,
        75.7461103
    ],
    "Uttara Kannada": [
        29.44800635,
        77.74068502568672
    ],
    "Chamba": [
        29.0033144,
        77.0167323
    ],
    "Barpeta": [
        25.6093239,
        85.1235252
    ],
    "Sonitpur": [
        21.75,
        76.583333
    ],
    "Bellary": [
        23.6015557,
        72.3867981
    ],
    "Thanjavur": [
        24.25,
        82.0
    ],
    "Kasargod": [
        9.3895523,
        78.85907071521498
    ],
    "Kanpur Nagar": [
        24.63044655,
        75.18339614635457
    ],
    "Gajapati": [
        9.6287383,
        76.64553257124857
    ],
    "Jaintia Hills": [
        21.75,
        73.0
    ],
    "West Nimar": null,
    "Rajsamand": [
        31.126888899999997,
        76.15768480633812
    ],
    "Udupi": [
        23.77405735,
        71.68373465668734
    ],
    "Solan": [
        27.1096669,
        81.9183291218813
    ],
    "Nanded": [
        18.9904059,
        75.7542291
    ],
    "Senapati": [
        27.98636765,
        93.15783468644102
    ],
    "Kaimur (Bhabua)": [
        26.168505500000002,
        94.85819821659115
    ],
    "Aurangabad": [
        22.139831049999998,
        78.80964495467987
    ],
    "Kapurthala": [
        22.7182799,
        88.64248090898516
    ],
    "Durg": [
        27.4504805,
        82.39541774073132
    ],
    "Chikkaballapur": [
        24.578721,
        73.6862571
    ],
    "Chittorgarh": [
        33.7670004,
        74.0957143
    ],
    "Kupwara": [
        13.3419169,
        74.7473232
    ],
    "Balaghat": [
        19.60962325,
        82.29876854111501
    ],
    "Bijapur(KAR)": [
        26.9154576,
        75.8189817
    ],
    "Gadag": [
        28.79406825,
        79.1859304458554
    ],
    "Mokokchung": [
        13.0010872,
        77.3361225
    ],
    "Saiha": [
        20.42000485,
        72.86376290300566
    ],
    "East Champaran": [
        23.19989585,
        86.3209472997868
    ],
    "Chamrajnagar": [
        9.27845325,
        76.97405566422736
    ],
    "Kollam": [
        23.916667,
        91.5
    ],
    "Mandi": [
        25.83264165,
        86.61489283342814
    ],
    "Dhule": [
        30.3843674,
        76.770421
    ],
    "Baran": [
        25.3560294,
        82.50057725197018
    ],
    "Rudraprayag": [
        24.85154025,
        94.00947957721581
    ],
    "Tehri Garhwal": [
        26.75,
        88.25
    ],
    "East Sikkim": [
        21.1882332,
        82.48484762499999
    ],
    "Garhwa": [
        31.32124525,
        74.84130629340785
    ],
    "Basti": [
        21.4,
        83.883333
    ],
    "Darrang": [
        14.4493717,
        79.9873763
    ],
    "Churachandpur": [
        26.42386165,
        91.45122754621168
    ],
    "Sirmaur": [
        26.1486581,
        85.34001282479626
    ],
    "Ahmed Nagar": [
        12.4914722,
        74.9877613
    ],
    "Chandauli": [
        21.966667,
        80.333333
    ],
    "Gadchiroli": [
        8.7012203,
        77.5792694
    ],
    "Raigarh(MH)": [
        27.43719385,
        79.48912946503123
    ],
    "Khandwa": [
        27.57324325,
        78.11173866751716
    ],
    "Tiruvannamalai": [
        23.3700354,
        85.3250132
    ],
    "Korba": [
        22.68536625,
        80.58150561711888
    ],
    "Dhalai": [
        16.8502534,
        74.5948885
    ],
    "Ananthapur": [
        29.84591115,
        78.70766746320547
    ],
    "Kawardha": [
        20.7618624,
        77.19217162524623
    ],
    "Jhansi": [
        23.46920055,
        84.73568423071751
    ],
    "Alappuzha": [
        26.49031725,
        94.77214247303138
    ],
    "Golaghat": [
        27.5541146,
        78.60078640304634
    ],
    "Udhampur": [
        25.28669805,
        87.13225355111148
    ],
    "Raigarh": [
        29.583333,
        75.083333
    ],
    "Mandya": null,
    "Nayagarh": [
        19.19557415,
        84.19297736346317
    ],
    "Pratapgarh": [
        24.7964355,
        85.0079563
    ],
    "Tamenglong": [
        12.09680475,
        78.19304301026716
    ],
    "Bulandshahr": [
        25.1265777,
        83.2496557733391
    ],
    "Rupnagar": [
        30.9714438,
        76.5302085
    ],
    "Gurgaon": [
        26.96388985,
        94.58213344568205
    ],
    "Upper Siang": [
        26.7577925,
        94.2079645
    ],
    "Etawah": [
        21.967126399999998,
        82.6647242496104
    ],
    "Khargone": [
        12.61123865,
        92.83165406414926
    ],
    "Dharwad": [
        22.51976955,
        82.62951462416818
    ],
    "Katihar": [
        28.06831165,
        79.04607312079293
    ],
    "Siwan": [
        28.485169399999997,
        77.19637972381611
    ],
    "Bhopal": [
        24.5,
        77.5
    ],
    "Guna": [
        31.29201065,
        75.56805772253911
    ],
    "East Delhi": [
        21.833333,
        75.5
    ],
    "Junagadh": [
        8.8879509,
        76.5955013
    ],
    "Kathua": [
        25.75,
        94.5
    ],
    "Kandhamal": [
        28.457876,
        79.40557093743058
    ],
    "Imphal West": [
        23.74186545,
        84.51301366522105
    ],
    "Shrawasti": [
        23.916667,
        78.0
    ],
    "Sonipat": [
        15.8147021,
        78.0265024
    ],
    "East Garo Hills": [
        22.5,
        75.25
    ],
    "Bagpat": [
        28.18478255,
        80.71293034127797
    ],
    "East Godavari": [
        28.0463795,
        95.6622503
    ],
    "South Andaman": [
        26.626483649999997,
        88.73407701468993
    ],
    "Rampur": [
        17.9806094,
        79.5982115
    ],
    "Nagaon": [
        24.5,
        81.0
    ],
    "Chickmagalur": [
        31.09168085,
        76.5272673916138
    ],
    "Tawang": [
        18.32002205,
        83.91607719937166
    ],
    "Nalanda": [
        11.2586082,
        75.7788735
    ],
    "Karaikal": [
        17.63612885,
        74.29827807601782
    ],
    "Kanpur Dehat": [
        23.0916741,
        84.5738480719802
    ],
    "Sambalpur": [
        24.0,
        87.583333
    ],
    "Pondicherry": [
        18.7232023,
        82.6081182778727
    ],
    "Kota": [
        23.10018105,
        85.3454593617985
    ],
    "East Khasi Hills": [
        24.092147599999997,
        92.24512135019847
    ],
    "South West Delhi": [
        23.13195425,
        87.20739720367507
    ],
    "Muktsar": [
        20.4324018,
        73.1411715553577
    ],
    "East Kameng": [
        13.4352549,
        77.7306866
    ],
    "Bundi": [
        19.1943294,
        72.9701779
    ],
    "Chhindwara": [
        13.0070817,
        76.0992703
    ],
    "Simdega": [
        20.8382426,
        85.0973949
    ],
    "Kohima": [
        26.718324350000003,
        79.09025375025163
    ],
    "Katni": [
        21.7718836,
        72.1416449
    ],
    "Ballia": [
        26.75,
        92.5
    ],
    "Puruliya": [
        23.87167135,
        76.7748902040889
    ],
    "Buxar": [
        25.4916868,
        86.69910848212217
    ],
    "Sitapur": [
        28.2061443,
        74.69190729963461
    ],
    "Satara": [
        27.286366649999998,
        93.61875168206382
    ],
    "Panipat": [
        32.4288215,
        75.56286458392415
    ],
    "Bhandara": [
        24.758639950000003,
        92.88166475768219
    ],
    "Ramanathapuram": [
        21.0633288,
        86.5053731
    ],
    "Raisen": [
        10.78789845,
        76.47408711165895
    ],
    "Barmer": [
        24.18947525,
        92.7133181281124
    ],
    "Sikar": [
        22.6001502,
        77.92664521413192
    ],
    "West Garo Hills": [
        24.974864349999997,
        83.57643904700731
    ],
    "Kolhapur": [
        28.4029786,
        77.3103837
    ],
    "Sant Ravidas Nagar": [
        23.666667,
        73.75
    ],
    "Mon": [
        23.5,
        91.666667
    ],
    "Nicobar": [
        25.3356491,
        83.0076292
    ],
    "The Dangs": [
        20.2733604,
        73.0044988
    ],
    "Una": [
        15.21961365,
        74.1152813019196
    ],
    "Bikaner": [
        27.02801615,
        70.7785056232077
    ],
    "Raichur": [
        23.75,
        79.583333
    ],
    "Sabarkantha": null,
    "Thane": [
        26.4691,
        74.639
    ],
    "Madurai": [
        24.4931239,
        85.55608107203881
    ],
    "Begusarai": [
        24.9356347,
        82.64770129811649
    ],
    "Yavatmal": [
        26.30414915,
        92.71605974430346
    ],
    "Damoh": [
        12.5238888,
        76.8961961
    ],
    "Kamrup": [
        28.61976385,
        77.30955022430011
    ],
    "Angul": [
        18.35146855,
        76.7551212230513
    ],
    "Dungarpur": [
        24.935401300000002,
        93.56791112289724
    ],
    "Latehar": [
        26.4800126,
        90.5580387
    ],
    "Ratlam": [
        26.2967719,
        73.0351433
    ],
    "Bhadrak": [
        24.70038485,
        78.51866758648347
    ],
    "Buldhana": [
        20.9727404,
        80.69155548263583
    ],
    "Muzaffarnagar": [
        10.9301522,
        78.08485454572889
    ],
    "Kurnool": [
        29.9384473,
        78.1452985
    ],
    "Jind": [
        22.907368650000002,
        80.88511429688029
    ],
    "Jamui": [
        24.85450275,
        79.04698123882801
    ],
    "South Sikkim": [
        23.64319305,
        80.94239522009255
    ],
    "Changlang": [
        30.5,
        78.666667
    ],
    "Hanumangarh": [
        11.8762254,
        75.3738043
    ],
    "Surguja": [
        32.5038495,
        77.58227188236428
    ],
    "Jamnagar": [
        21.365998949999998,
        74.28400358178766
    ],
    "Sirsa": [
        19.9182328,
        75.8686246900443
    ],
    "Rayagada": [
        24.718026000000002,
        74.47214697200876
    ],
    "Mysore": [
        13.1601048,
        79.15555061803596
    ],
    "Dharmapuri": [
        16.135719299999998,
        73.65220860183584
    ],
    "Sawai Madhopur": null,
    "Karur": [
        28.3,
        95.15
    ],
    "Wayanad": [
        19.759070350000002,
        80.16228072580182
    ],
    "Kiphire": [
        32.518429,
        76.23086565661742
    ],
    "Madhubani": [
        22.4258406,
        87.3192605
    ],
    "Koppal": [
        17.0,
        81.166667
    ],
    "Supaul": [
        24.172056,
        72.431134
    ],
    "Bargarh": [
        26.4795861,
        94.51052754768273
    ],
    "North West Delhi": [
        9.8497872,
        76.9797914
    ],
    "Morena": [
        21.87705125,
        84.00905063735019
    ],
    "North Cachar Hills": [
        28.1956468,
        76.6165179
    ],
    "Phek": [
        27.7336958,
        81.47732127661058
    ],
    "Shahjahanpur": [
        22.76678355,
        83.95304518953317
    ],
    "Maharajganj": [
        34.0747444,
        74.8204443
    ],
    "Lucknow": [
        17.0606367,
        79.2832849
    ],
    "Giridh": [
        17.233496,
        81.7225986
    ],
    "West Tripura": [
        22.5,
        85.5
    ],
    "Bhagalpur": [
        20.7083903,
        81.5485253
    ],
    "Azamgarh": [
        25.5,
        92.25
    ],
    "Sundergarh": [
        25.1364914,
        85.44365464855682
    ],
    "Gaya": [
        22.34596495,
        92.8119536068969
    ],
    "Gautam Buddha Nagar": [
        28.711241,
        77.4445372
    ],
    "Tiruvallur": [
        23.7952809,
        86.4309638
    ],
    "Amreli": [
        13.9326093,
        75.574978
    ],
    "Jyotiba Phule Nagar": [
        23.8253158,
        91.9732226716333
    ],
    "Tumkur": [
        20.7881667,
        73.7094919310081
    ],
    "West Khasi Hills": [
        22.9052114,
        88.3760639
    ],
    "Fatehpur": [
        28.36760975,
        77.59740326369902
    ],
    "Tuticorin": [
        31.586346,
        78.3968441
    ],
    "Araria": [
        21.5934771,
        84.74330169777767
    ],
    "Sheopur": [
        31.6343083,
        74.8736788
    ],
    "Purnia": [
        10.7745978,
        79.6279725
    ],
    "Jalpaiguri": [
        16.6691525,
        80.7190024
    ],
    "Jodhpur": [
        23.699127949999998,
        85.99106894165021
    ],
    "Tikamgarh": [
        10.0118206,
        76.2769256718824
    ],
    "Sangrur": [
        25.2195207,
        81.102282425
    ],
    "Kheda": [
        16.2915189,
        80.4541588
    ],
    "Fazilka": [
        14.466445700000001,
        75.9197507909343
    ],
    "South Garo Hills": [
        26.5,
        78.75
    ],
    "Kokrajhar": [
        23.37074105,
        76.62051527475785
    ],
    "Lahul & Spiti": [
        26.7010642,
        77.896749
    ],
    "Jashpur": [
        25.81551155,
        94.84166400470303
    ],
    "Jhabua": [
        22.9679226,
        85.2829818
    ],
    "Theni": [
        24.1974432,
        82.6661453
    ],
    "Sangli": [
        25.61849455,
        90.63421621777749
    ],
    "Janjgir-champa": [
        27.0607859,
        74.17667537582712
    ],
    "Faridkot": [
        13.1394221,
        79.9070839
    ],
    "Ambedkar Nagar": [
        25.6656611,
        76.6954843
    ],
    "Bahraich": [
        25.37524125,
        77.82811932629714
    ],
    "Gorakhpur": [
        22.4258406,
        87.3192605
    ],
    "Seraikela-kharsawan": [
        26.49436945,
        85.27280559513997
    ],
    "Kendujhar": [
        11.2287716,
        78.8182555496278
    ],
    "Mahendragarh": [
        24.8655681,
        86.87278642295597
    ],
    "Bharatpur": [
        22.5726723,
        88.3638815
    ],
    "Aurangabad(BH)": [
        18.1120819,
        83.4052196224888
    ],
    "Nalbari": [
        13.1369996,
        78.1339606
    ],
    "Mumbai": [
        28.25,
        76.166667
    ],
    "Kozhikode": [
        22.898553,
        92.75192291719874
    ],
    "Balangir": [
        12.9802279,
        77.6405853
    ],
    "Mirzapur": [
        25.5127194,
        86.09057109140021
    ],
    "Khagaria": [
        28.035016149999997,
        96.17135154220676
    ],
    "Varanasi": [
        21.3118839,
        76.2291992
    ],
    "Jhajjar": [
        11.076035950000001,
        79.11745538182738
    ],
    "Dibrugarh": [
        14.7874825,
        75.3996731
    ],
    "Jehanabad": [
        15.8309251,
        78.0425373
    ],
    "West Singhbhum": [
        29.3912753,
        76.9771675
    ],
    "Bagalkot": [
        11.6612012,
        78.1602498
    ],
    "Almora": [
        23.7435236,
        92.7382905
    ],
    "Prakasam": [
        20.827789199999998,
        86.37983525915192
    ],
    "Dadra & Nagar Haveli": [
        22.8233693,
        85.91965399029942
    ],
    "Samastipur": [
        26.4207265,
        84.37406407415165
    ],
    "Hassan": [
        24.818123999999997,
        85.5185562336921
    ],
    "Ariyalur": [
        19.172095849999998,
        83.3350308502498
    ],
    "Nandurbar": [
        21.347763399999998,
        83.65768298821486
    ],
    "Puri": [
        19.29031365,
        76.60290343431203
    ],
    "Faizabad": [
        25.166667,
        72.25
    ],
    "Khunti": [
        19.17257215,
        77.29141237169956
    ],
    "Chennai": null,
    "Sehore": [
        27.912633149999998,
        79.74656294869826
    ],
    "Pudukkottai": [
        23.68172835,
        84.13918441697847
    ],
    "Dewas": [
        25.531031149999997,
        78.65268901605349
    ],
    "Nizamabad": [
        21.9778642,
        76.5688282326971
    ],
    "Mammit": [
        11.9398285,
        79.4945645
    ],
    "Saharsa": [
        25.6040908,
        73.41560878556902
    ],
    "Chhatarpur": [
        27.0827158,
        93.9978423
    ],
    "Jajapur": [
        15.3484144,
        76.1547421
    ],
    "Virudhunagar": [
        26.767770749999997,
        92.70140885850532
    ],
    "Ludhiana": [
        27.466831499999998,
        94.51786508708852
    ],
    "Barwani": [
        30.6600764,
        76.38002163710028
    ],
    "Murshidabad": [
        28.72330795,
        77.26685650778668
    ],
    "Lakshadweep": [
        34.04796585,
        74.7441397838328
    ],
    "Bangalore": [
        12.5188835,
        78.2206536
    ],
    "North 24 Parganas": [
        30.2090874,
        76.3398720856221
    ],
    "Cooch Behar": [
        25.167702900000002,
        86.05935924304018
    ],
    "Baramulla": [
        26.0,
        87.5
    ],
    "Daman": [
        21.455228,
        80.1962729
    ],
    "Karnal": [
        25.48877345,
        74.69961283584024
    ],
    "South Delhi": [
        20.4686,
        85.8792
    ],
    "North Delhi": [
        26.1310043,
        84.39125660595198
    ],
    "Banswara": [
        19.11912825,
        81.82918648971713
    ],
    "Indore": [
        22.8358542,
        74.2556782
    ],
    "Umaria": [
        26.4402119,
        80.26930513416637
    ],
    "Adilabad": [
        25.5,
        93.0
    ],
    "Alirajpur": [
        24.6185442,
        77.87883059674556
    ],
    "Bhilwara": [
        21.1498134,
        79.0820556
    ],
    "Valsad": [
        27.3005145,
        88.2360673
    ],
    "Amravati": [
        23.3002343,
        81.364771
    ],
    "Fatehabad": [
        17.1091033,
        81.0874209
    ],
    "North Dinajpur": [
        23.1156882,
        77.06623939176504
    ],
    "Nagaur": [
        23.9232867,
        86.77353493891458
    ],
    "Balrampur": [
        16.7689044,
        77.1380381
    ],
    "Navsari": null,
    "Davangere": [
        25.75,
        80.0
    ],
    "Sonapur": [
        22.07311445,
        88.06537031231267
    ],
    "Lalitpur": [
        30.2093363,
        75.8184224340909
    ],
    "Aizawl": [
        25.347969,
        90.56577725964563
    ],
    "Jabalpur": [
        30.9654214,
        78.63368731187963
    ],
    "Bijnor": [
        28.9010899,
        76.5801935
    ],
    "Wardha": [
        8.576970549999999,
        77.05012463730725
    ],
    "Bageshwar": [
        28.53364155,
        76.68981477716189
    ],
    "Ratnagiri": [
        29.301826249999998,
        76.33847076788838
    ],
    "Nainital": [
        26.12755515,
        91.2998714797357
    ],
    "Faridabad": [
        32.00186325,
        77.37899639741332
    ],
    "Narmada": [
        24.6379064,
        87.8556962
    ],
    "Sonbhadra": [
        23.174597,
        75.7851423
    ],
    "Banda": [
        29.000652549999998,
        77.76822875372174
    ],
    "Farrukhabad": [
        25.95322565,
        85.14457760191539
    ],
    "Kolkata": [
        30.283140099999997,
        74.52299719797392
    ],
    "Karimganj": [
        9.851231,
        78.53047154820717
    ],
    "Sultanpur": [
        30.3009965,
        79.06287964782695
    ],
    "Srikakulam": [
        15.500365,
        73.8302902
    ],
    "Ujjain": [
        11.7564329,
        79.7634644
    ],
    "Jhujhunu": [
        30.499632300000002,
        79.61879245944404
    ],
    "Cuttack": [
        22.88585225,
        74.72513368804519
    ],
    "Saran": [
        29.468830099999998,
        75.52107146631747
    ],
    "Gulbarga": [
        9.5208936,
        77.8784563961865
    ],
    "Papum Pare": [
        24.93928775,
        84.01945448852067
    ],
    "Khorda": [
        13.3400771,
        77.1006208
    ],
    "Nagpur": [
        27.3,
        93.05
    ],
    "Ramgarh": [
        26.999697400000002,
        79.68861212775874
    ],
    "Hailakandi": [
        10.3303299,
        78.0673979084697
    ],
    "Solapur": [
        25.109266849999997,
        94.38239281654197
    ],
    "Neemuch": [
        10.7860267,
        79.1381497
    ],
    "Warangal": [
        24.38657525,
        83.07863061278505
    ],
    "Gumla": [
        25.75,
        78.5
    ],
    "Tinsukia": [
        27.639077049999997,
        76.6144524902045
    ],
    "Kullu": [
        21.5174104,
        70.4642754
    ],
    "Patna": null,
    "Hathras": [
        11.9340568,
        79.8306447
    ],
    "Jalor": [
        30.92589585,
        77.08200509063624
    ],
    "Kanchipuram": [
        26.350071999999997,
        86.22914688962271
    ],
    "Godda": [
        22.1181799,
        84.0361994
    ],
    "Bhojpur": [
        11.715219000000001,
        76.12690294658198
    ],
    "Koraput": [
        32.7185614,
        74.8580917
    ],
    "Vaishali": [
        31.6723392,
        76.95331690779145
    ],
    "Pathanamthitta": [
        21.13050145,
        74.47891180551228
    ],
    "Sibsagar": [
        26.42384715,
        83.76273169028727
    ],
    "Haridwar": [
        20.13069385,
        84.07904760590154
    ],
    "Dhenkanal": [
        14.724474149999999,
        74.64223734496612
    ],
    "Chitradurga": [
        20.1270026,
        80.98109349472911
    ],
    "Deoria": [
        24.15529035,
        83.82522584408349
    ],
    "Dibang Valley": [
        27.5046392,
        80.82946583420815
    ],
    "Pilibhit": [
        24.967852049999998,
        86.17351147289283
    ],
    "Krishna": [
        21.12304765,
        79.79390882119336
    ],
    "Kaithal": [
        24.4766423,
        86.60673245386945
    ],
    "Ananthnag": [
        20.7137783,
        70.9853635
    ],
    "Bishnupur": null,
    "South Tripura": [
        23.2584857,
        77.401989
    ],
    "Nuapada": [
        26.0,
        93.5
    ],
    "Sheohar": [
        14.2266443,
        76.4005122
    ],
    "Deoghar": [
        20.7502257,
        83.2499464
    ],
    "Mandla": [
        11.7021978,
        75.5364701
    ],
    "Dindigul": [
        22.5,
        83.5
    ],
    "Mahoba": [
        30.3704685,
        75.504017418548
    ],
    "Dhubri": [
        17.282607900000002,
        73.4569787039826
    ],
    "North Goa": [
        20.2719296,
        86.15990131192848
    ],
    "Ghazipur": [
        24.811404699999997,
        72.83002573160249
    ],
    "Anuppur": [
        21.8796162,
        77.87568124563079
    ],
    "Champawat": [
        26.40490095,
        94.03209112120626
    ],
    "Goalpara": [
        26.5876547,
        85.5056744
    ],
    "Darbhanga": [
        24.757326,
        93.85847858025147
    ],
    "Kheri": [
        10.7056905,
        92.48746789633373
    ],
    "Porbandar": [
        21.5892323,
        85.66878413736906
    ],
    "Bhiwani": [
        25.405680850000003,
        91.83546771298455
    ],
    "Satna": [
        20.325703750000002,
        78.11691396684715
    ],
    "Koderma": [
        27.87698975,
        78.13729027600994
    ],
    "Kolar": [
        19.75,
        83.0
    ],
    "Sheikhpura": [
        23.48454125,
        88.55676307470536
    ],
    "Panna": [
        24.624587,
        94.04247928402684
    ],
    "West Champaran": [
        25.562071500000002,
        84.01567204651289
    ],
    "Jhalawar": [
        30.75,
        77.5
    ],
    "Ahmedabad": [
        24.68845365,
        92.57381528240943
    ],
    "Kanker": [
        25.60780175,
        90.20380106122235
    ],
    "Dindori": [
        20.769099750000002,
        82.51862845874122
    ],
    "Coimbatore": [
        27.4,
        92.35
    ],
    "Karim Nagar": [
        33.069103150000004,
        74.8378698208889
    ],
    "Nilgiris": [
        26.57550365,
        80.61376177782856
    ],
    "Bastar": [
        25.58173695,
        91.28910306371017
    ],
    "Kangra": [
        25.90835495,
        84.78074760594323
    ],
    "Kurukshetra": [
        18.521428,
        73.8544541
    ],
    "Reasi": [
        22.94941835,
        83.1655491457949
    ],
    "Shimoga": [
        26.63807555,
        82.05902434378625
    ],
    "Lunglei": [
        21.19903535,
        81.3979545573657
    ],
    "Bilaspur (HP)": [
        20.1160666,
        85.11195643843573
    ],
    "Khammam": [
        20.8466301,
        83.82393679256941
    ],
    "Bathinda": [
        27.2098219,
        79.04813700847944
    ],
    "Tapi": [
        27.3607071,
        88.18800245494259
    ],
    "Hyderabad": [
        22.4732415,
        70.0552102
    ],
    "Tirunelveli": [
        12.7948109,
        79.0006410968549
    ],
    "Serchhip": [
        28.38886085,
        77.97479772598118
    ],
    "South 24 Parganas": [
        21.4717211,
        86.8909571
    ],
    "Churu": [
        27.4844597,
        94.9019447
    ],
    "Sant Kabir Nagar": [
        26.756649449999998,
        83.13621230288913
    ],
    "Bardhaman": [
        22.275878900000002,
        79.721044651047
    ],
    "Ranchi": [
        15.4540505,
        75.0066516
    ],
    "Ganjam": null,
    "Mahesana": [
        18.16984395,
        76.11796321159572
    ],
    "Budgam": [
        26.08314325,
        86.03257096612822
    ],
    "Osmanabad": [
        25.7744929,
        85.86626813370123
    ],
    "Nabarangapur": [
        23.8339621,
        80.392456
    ],
    "Chamoli": [
        19.54140965,
        77.17376601317515
    ],
    "Sindhudurg": [
        33.1774307,
        75.56752281893789
    ],
    "Srinagar": [
        18.083333,
        77.333333
    ],
    "Lower Dibang Valley": [
        26.2768118,
        86.79658662614811
    ],
    "North Sikkim": [
        18.35835435,
        81.89823748747048
    ],
    "Karbi Anglong": [
        26.26498795,
        87.37162648106798
    ],
    "Bhavnagar": [
        25.5,
        75.833333
    ],
    "Hazaribag": [
        12.22721295,
        79.07015554906167
    ],
    "Pathankot": [
        27.1752554,
        78.0098161
    ],
    "Nashik": [
        33.669800550000005,
        75.01480232217389
    ],
    "Jorhat": [
        10.8132489,
        73.6804620941119
    ],
    "Betul": [
        25.75,
        81.75
    ],
    "Birbhum": [
        20.42857015,
        82.24698984817437
    ],
    "Dhanbad": [
        22.3388828,
        77.0929933
    ],
    "Dausa": [
        23.06016515,
        72.58063821550073
    ],
    "Dhemaji": [
        16.7028412,
        74.2405329
    ],
    "Bongaigaon": [
        11.9269937,
        76.9424311
    ],
    "Jammu": [
        21.1060413,
        72.7008247
    ],
    "Singrauli": [
        29.822820749999998,
        76.37830986647243
    ],
    "Perambalur": [
        28.58644805,
        76.97915298462692
    ],
    "Akola": [
        28.73120455,
        95.03773151350946
    ],
    "Mandsaur": [
        26.12214725,
        75.66375373932236
    ],
    "Nawanshahr": [
        26.290712,
        92.29221256765226
    ],
    "Tuensang": [
        25.4381302,
        81.8338005
    ],
    "Narayanpur": [
        27.5879186,
        91.863733
    ],
    "Rajkot": [
        30.616216450000003,
        77.04197804321875
    ],
    "Shopian": [
        26.242510850000002,
        82.29616931685918
    ],
    "Hoshiarpur": [
        26.93823105,
        81.38609761204991
    ],
    "Kannur": [
        23.0216238,
        72.5797068
    ],
    "Yadgir": [
        23.598775949999997,
        85.53691564663127
    ],
    "Nellore": [
        8.8052602,
        78.1452745
    ],
    "Gondia": [
        19.877263,
        75.3390241
    ],
    "Mayurbhanj": [
        16.811241,
        75.7114214
    ],
    "Saharanpur": [
        12.9791198,
        77.5912997
    ],
    "Palamau": [
        27.17736635,
        78.38991197951182
    ],
    "Dumka": [
        30.1389108,
        77.301064
    ],
    "Datia": [
        24.3197442,
        94.0210988225432
    ],
    "Kushinagar": [
        28.69854835,
        77.21939141568413
    ],
    "North And Middle Andaman": [
        25.5819034,
        71.61966242777196
    ],
    "Jagatsinghapur": [
        28.3,
        94.0
    ],
    "Mahe": [
        23.244051,
        87.8689422
    ],
    "Krishnagiri": [
        27.633333,
        77.583333
    ],
    "Kargil": [
        30.7334421,
        76.7797143
    ],
    "Vellore": [
        24.8483482,
        92.33221292310328
    ],
    "Panchkula": [
        20.0112475,
        73.7902364
    ],
    "North Tripura": [
        21.2379469,
        81.6336833
    ],
    "Barabanki": [
        25.8435395,
        80.91800397088501
    ],
    "Panch Mahals": [
        25.9259562,
        86.82042961035677
    ],
    "Dahod": [
        26.583333,
        84.833333
    ],
    "Vadodara": [
        22.0059254,
        81.2332055
    ],
    "Hamirpur(HP)": [
        31.69255285,
        76.5417689794739
    ],
    "Doda": [
        18.9818971,
        73.1141545
    ],
    "Champhai": [
        31.1041526,
        77.1709729
    ],
    "East Nimar": [
        12.836393,
        79.7053304
    ],
    "Dhar": [
        27.33857665,
        80.0975264641719
    ],
    "Rohtas": [
        24.0,
        85.25
    ],
    "West Godavari": [
        9.969664300000002,
        77.47420048524822
    ],
    "Munger": [
        30.3255646,
        78.0436813
    ],
    "Kinnaur": [
        26.4600465,
        79.85550999615592
    ],
    "Thiruvananthapuram": [
        31.904229899999997,
        75.22738141098935
    ],
    "Mahabub Nagar": [
        11.0018115,
        76.9628425
    ],
    "West Sikkim": [
        23.03525965,
        81.3884438474638
    ],
    "Kodagu": [
        23.25,
        78.083333
    ],
    "Peren": [
        26.58687695,
        90.29293105124796
    ],
    "Gurdaspur": [
        25.180777149999997,
        84.65920203021554
    ],
    "Kurung Kumey": [
        23.80961225,
        78.75911360578634
    ],
    "Hingoli": [
        31.3380959,
        76.7611631
    ],
    "Latur": [
        30.0086722,
        79.9302967950447
    ],
    "Lower Subansiri": [
        26.2037247,
        78.1573628
    ],
    "Firozabad": [
        15.8572666,
        74.5069343
    ],
    "Raipur": [
        25.12635425,
        85.81510620944194
    ],
    "West Delhi": [
        21.15454115,
        77.64429617998744
    ],
    "Rewa": [
        23.385892300000002,
        92.930598908176
    ],
    "Patiala": [
        26.29863795,
        87.95314810923409
    ],
    "Jharsuguda": [
        12.9324457,
        74.9813132
    ],
    "Jalandhar": [
        29.367200150000002,
        74.29836365065901
    ],
    "Kishanganj": [
        26.80486585,
        76.44374569929329
    ],
    "Mohali": [
        26.75,
        94.833333
    ],
    "Pithoragarh": [
        9.5006651,
        76.41241428564258
    ],
    "K.V.Rangareddy": [
        23.0,
        74.0
    ],
    "Shahdol": [
        13.0836939,
        80.270186
    ],
    "Gariaband": [
        30.9090157,
        75.851601
    ],
    "Jaisalmer": [
        29.23631315,
        80.10172076512075
    ],
    "Moradabad": [
        33.718807,
        74.8333311
    ],
    "Salem": [
        29.703094999999998,
        79.43317023326716
    ],
    "Hamirpur": [
        28.6479519,
        77.08556541088615
    ],
    "Shivpuri": [
        26.166667,
        94.25
    ],
    "Dantewada": [
        24.7536696,
        84.3746725
    ],
    "Zunhebotto": [
        26.8381,
        80.9346001
    ],
    "Jalaun": [
        21.1864607,
        72.8081281
    ],
    "Sagar": [
        22.5584995,
        72.9625629
    ],
    "Dehradun": [
        18.6732693,
        78.0978477
    ],
    "Kendrapara": [
        26.01894625,
        89.94188952461522
    ],
    "Alwar": [
        28.8638424,
        78.80577833091104
    ],
    "Ghaziabad": [
        25.25,
        84.25
    ],
    "South Goa": [
        12.38217745,
        75.66531991685233
    ],
    "Rajnandgaon": [
        25.1968256,
        76.00089330885552
    ],
    "Vidisha": [
        30.885100350000002,
        74.66014081248886
    ],
    "Beed": [
        29.6803266,
        76.9896254
    ],
    "Pali": [
        26.67132865,
        83.36458284327038
    ],
    "Dholpur": [
        31.60857425,
        75.84644246890946
    ],
    "Gwalior": null,
    "Muzaffarpur": [
        11.10684475,
        76.10995510466662
    ],
    "Lakhisarai": [
        29.8769971,
        75.4889866137018
    ],
    "Thrissur": [
        23.0,
        76.166667
    ],
    "Patan": [
        11.284224850000001,
        78.16615283668403
    ],
    "East Midnapore": [
        24.20162495,
        84.87817691941733
    ],
    "Kolasib": [
        32.06854705,
        76.24336792335127
    ],
    "Namakkal": [
        25.75,
        94.166667
    ],
    "Haveri": [
        22.4995518,
        92.97798988717027
    ],
    "Pune": [
        28.7931703,
        76.1391283
    ],
    "Shimla": [
        25.603508400000003,
        83.50745404887138
    ],
    "Boudh": [
        29.9880774,
        77.5081299470512
    ],
    "Gandhi Nagar": [
        18.0610755,
        78.2824963
    ],
    "Tonk": [
        23.4805919,
        74.91778971237613
    ],
    "Ropar": [
        14.5482705,
        77.6571234
    ],
    "Koriya": [
        7.0000167,
        93.81108154252576
    ],
    "Chitrakoot": [
        33.25,
        74.25
    ],
    "Medak": [
        22.9467047,
        79.1980228
    ],
    "Nadia": [
        23.431414349999997,
        82.31393341197054
    ],
    "Mathura": [
        27.09254225,
        83.56696261338257
    ],
    "Imphal East": [
        20.28792095,
        77.23606281061035
    ],
    "Unnao": [
        26.1783623,
        90.6226683
    ],
    "Siddharthnagar": [
        31.38524095,
        75.30552273989395
    ],
    "Agra": [
        26.3223696,
        89.4592445
    ],
    "Villupuram": [
        19.4129711,
        85.04710406447731
    ],
    "Banaskantha": [
        22.5736296,
        88.3251045
    ],
    "Idukki": [
        21.738303950000002,
        73.62736015921328
    ],
    "Seoni": [
        10.91571,
        79.8375761
    ],
    "Banka": [
        20.583333,
        76.416667
    ],
    "Belgaum": null,
    "North East Delhi": [
        15.42108665,
        75.65455927191836
    ],
    "Tarn Taran": [
        10.5,
        78.833333
    ],
    "Jamtara": [
        30.17911535,
        75.04710156312628
    ],
    "Kaushambi": null,
    "Rajgarh": [
        24.1745993,
        88.2721335
    ],
    "Kachchh": [
        21.75194325,
        74.89175175338488
    ],
    "Tiruchirappalli": [
        25.5008211,
        80.499762
    ],
    "Lawngtlai": [
        24.75,
        79.75
    ],
    "Bokaro": [
        24.75926685,
        81.65500021078341
    ],
    "Lohardaga": [
        26.7438272,
        83.9162322
    ],
    "Dakshina Kannada": [
        10.804973,
        78.6870296
    ],
    "Shajapur": [
        23.1608938,
        79.9497702
    ],
    "Bangalore Rural": [
        28.4,
        94.55
    ],
    "Ganganagar": [
        26.40349795,
        82.60728148676125
    ],
    "Chatra": [
        24.0294885,
        73.0459884
    ],
    "Anand": [
        24.2651306,
        75.38718193725012
    ],
    "Vizianagaram": [
        25.380439600000003,
        94.0569854178655
    ],
    "Tirap": null,
    "Yamuna Nagar": [
        32.7045476,
        74.871206
    ],
    "Poonch": [
        26.105546,
        79.42765264782076
    ],
    "Erode": [
        27.1398402,
        95.7382485
    ],
    "Nalgonda": [
        30.12666775,
        80.48338013734374
    ],
    "Cachar": [
        29.40604895,
        78.48087839917878
    ],
    "Thoubal": null,
    "Jalgaon": [
        15.5,
        79.5
    ],
    "Ramanagar": [
        26.22914115,
        76.30453277017932
    ],
    "Rewari": [
        28.6138954,
        77.2090057
    ],
    "Fatehgarh Sahib": [
        11.4,
        76.7
    ],
    "Upper Subansiri": [
        15.1433952,
        76.9193876
    ],
    "Narsinghpur": [
        19.6807668,
        78.5360794
    ],
    "Debagarh": [
        22.3051991,
        70.8028335
    ],
    "Bandipur": [
        30.60092505,
        74.79477422840449
    ],
    "Mainpuri": [
        24.74334305,
        87.2928506179686
    ],
    "Sivaganga": [
        21.75,
        86.5
    ],
    "Sidhi": [
        25.36176885,
        79.70499475331877
    ],
    "Cuddapah": [
        22.285939550000002,
        74.35468608752092
    ],
    "Leh": [
        28.76022915,
        78.28262527789622
    ],
    "Chandel": null,
    "Mansa": [
        25.0057449,
        88.1398483
    ],
    "Palakkad": [
        26.34142215,
        91.01674328474073
    ],
    "Kulgam": [
        34.1665964,
        74.8084881
    ],
    "Allahabad": [
        19.0759899,
        72.8773928
    ],
    "Nagapattinam": [
        25.53609455,
        81.44672838764605
    ],
    "Surendra Nagar": [
        18.8640648,
        81.38339468738648
    ],
    "Surat": [
        28.495207649999998,
        80.10754080018077
    ],
    "Rohtak": [
        25.9136459,
        93.7283456
    ],
    "East Singhbhum": [
        17.166667,
        77.083333
    ],
    "Mau": [
        10.805627600000001,
        79.824659783024
    ],
    "Bilaspur(CGH)": [
        27.8,
        93.6
    ],
    "New Delhi": null,
    "Lakhimpur": [
        24.5,
        80.25
    ],
    "Bidar": [
        34.611023599999996,
        74.238478667319
    ],
    "Longleng": [
        20.50040085,
        86.43170622796478
    ],
    "Malda": [
        9.9261153,
        78.1140983
    ],
    "Pulwama": [
        22.2973142,
        73.1942567
    ],
    "Bankura": [
        20.030975599999998,
        79.35813866691342
    ],
    "Cuddalore": [
        25.29131615,
        73.8244924740361
    ],
    "Nawada": [
        20.952407,
        72.9323831
    ],
    "South Dinajpur": [
        33.89829355,
        74.89634093792017
    ],
    "Sirohi": [
        22.75,
        72.833333
    ],
    "Etah": [
        25.560900349999997,
        87.64765353997149
    ],
    "Hoshangabad": [
        25.2820998,
        87.61850784289338
    ],
    "Gonda": null,
    "Parbhani": [
        17.7343668,
        83.1769242
    ],
    "Udaipur": [
        20.1651311,
        85.6206598
    ],
    "Bhind": [
        22.1815262,
        88.54843766912074
    ],
    "Medinipur": [
        17.84990665,
        75.27632027348457
    ],
    "Bareilly": [
        27.3005145,
        88.2360673
    ],
    "Aligarh": [
        19.5842032,
        81.1136985512029
    ],
    "East Siang": [
        19.8076083,
        85.8252538
    ],
    "West Midnapore": [
        27.52016575,
        95.5306347312879
    ],
    "Kanyakumari": [
        26.25252795,
        81.17502108631214
    ],
    "Howrah": [
        25.87640255,
        91.85675741641606
    ],
    "Visakhapatnam": [
        23.6317319,
        93.34931854269607
    ],
    "Bharuch": [
        22.6664325,
        84.5502679119221
    ],
    "Rajauri": [
        10.5256264,
        76.2132542
    ],
    "Hardoi": [
        29.9049489,
        73.8792934139276
    ],
    "Ernakulam": [
        33.0,
        75.166667
    ],
    "Kottayam": [
        20.82562315,
        78.61314549522919
    ],
    "Jalna": [
        27.03016895,
        95.49791754505583
    ],
    "Jaipur": [
        29.9693747,
        76.8482787
    ],
    "Hooghly": [
        14.416667,
        78.75
    ],
    "Kalahandi": [
        20.75,
        85.5
    ],
    "Arwal": [
        25.877932549999997,
        84.11995931460379
    ],
    "Harda": [
        11.369204400000001,
        77.67662686841793
    ],
    "Hisar": [
        28.21495625,
        95.87877403567019
    ],
    "Guntur": [
        24.9171512,
        76.69640322489136
    ],
    "West Siang": [
        30.7839866,
        75.16057422541162
    ],
    "Jaunpur": [
        28.42826235,
        77.00270014657752
    ],
    "Chittoor": [
        25.7955927,
        82.48834097504385
    ],
    "Moga": [
        26.724789,
        82.79326865024002
    ],
    "Karauli": [
        22.7203616,
        75.8681996
    ],
    "Meerut": [
        24.2538512,
        87.30064714192224
    ],
    "Madhepura": [
        21.8187743,
        75.6064577
    ],
    "Lohit": [
        29.2031392,
        79.4176945
    ],
    "Uttarkashi": [
        26.9819612,
        84.85203609999999
    ],
    "Darjiling": [
        26.166667,
        77.5
    ],
    "Kannauj": [
        24.3132368,
        76.52223626123003
    ],
    "Central Delhi": [
        23.583333,
        70.0
    ],
    "Chandrapur": [
        28.0159286,
        73.3171367
    ],
    "Mahasamund": [
        26.0376878,
        83.49793418499047
    ],
    "Burhanpur": [
        34.205005650000004,
        74.36221081111597
    ],
    "West Kameng": [
        25.22081165,
        86.51720367235285
    ],
    "Barnala": [
        26.02269675,
        83.02887343114848
    ],
    "Marigaon": null,
    "Malappuram": [
        12.3051828,
        76.6553609
    ],
    "Dimapur": [
        24.378704,
        93.69700149533944
    ],
    "Firozpur": [
        28.6138954,
        77.2090057
    ],
    "Gopalganj": [
        26.51668105,
        77.05772976517363
    ],
    "Ashok Nagar": [
        20.84351185,
        75.52592658756026
    ]
}