[{"STATE_UT":"ANDHRA PRADESH","DISTRICT":"TOTAL","MURDER":2750,"RAPE":935,"ROBBERY":794,"KIDNAPPING_AND_ABDUCTION":1612,"TOTAL_IPC_CRIMES":157123},{"STATE_UT":"ARUNACHAL PRADESH","DISTRICT":"TOTAL","MURDER":81,"RAPE":35,"ROBBERY":77,"KIDNAPPING_AND_ABDUCTION":58,"TOTAL_IPC_CRIMES":2304},{"STATE_UT":"ASSAM","DISTRICT":"TOTAL","MURDER":1194,"RAPE":1238,"ROBBERY":451,"KIDNAPPING_AND_ABDUCTION":1751,"TOTAL_IPC_CRIMES":42006},{"STATE_UT":"BIHAR","DISTRICT":"TOTAL","MURDER":3471,"RAPE":1147,"ROBBERY":2374,"KIDNAPPING_AND_ABDUCTION":2693,"TOTAL_IPC_CRIMES":97850},{"STATE_UT":"CHHATTISGARH","DISTRICT":"TOTAL","MURDER":1013,"RAPE":990,"ROBBERY":401,"KIDNAPPING_AND_ABDUCTION":246,"TOTAL_IPC_CRIMES":43633},{"STATE_UT":"GOA","DISTRICT":"TOTAL","MURDER":45,"RAPE":20,"ROBBERY":28,"KIDNAPPING_AND_ABDUCTION":17,"TOTAL_IPC_CRIMES":2119},{"STATE_UT":"GUJARAT","DISTRICT":"TOTAL","MURDER":1033,"RAPE":324,"ROBBERY":966,"KIDNAPPING_AND_ABDUCTION":1164,"TOTAL_IPC_CRIMES":113414},{"STATE_UT":"HARYANA","DISTRICT":"TOTAL","MURDER":784,"RAPE":461,"ROBBERY":390,"KIDNAPPING_AND_ABDUCTION":492,"TOTAL_IPC_CRIMES":42664},{"STATE_UT":"HIMACHAL PRADESH","DISTRICT":"TOTAL","MURDER":110,"RAPE":141,"ROBBERY":22,"KIDNAPPING_AND_ABDUCTION":118,"TOTAL_IPC_CRIMES":12345},{"STATE_UT":"JAMMU & KASHMIR","DISTRICT":"TOTAL","MURDER":647,"RAPE":201,"ROBBERY":116,"KIDNAPPING_AND_ABDUCTION":748,"TOTAL_IPC_CRIMES":20115},{"STATE_UT":"JHARKHAND","DISTRICT":"TOTAL","MURDER":1523,"RAPE":753,"ROBBERY":732,"KIDNAPPING_AND_ABDUCTION":621,"TOTAL_IPC_CRIMES":35175},{"STATE_UT":"KARNATAKA","DISTRICT":"TOTAL","MURDER":1609,"RAPE":343,"ROBBERY":1202,"KIDNAPPING_AND_ABDUCTION":589,"TOTAL_IPC_CRIMES":117580},{"STATE_UT":"KERALA","DISTRICT":"TOTAL","MURDER":388,"RAPE":478,"ROBBERY":621,"KIDNAPPING_AND_ABDUCTION":226,"TOTAL_IPC_CRIMES":104350},{"STATE_UT":"MADHYA PRADESH","DISTRICT":"TOTAL","MURDER":2405,"RAPE":2921,"ROBBERY":1557,"KIDNAPPING_AND_ABDUCTION":847,"TOTAL_IPC_CRIMES":189172},{"STATE_UT":"MAHARASHTRA","DISTRICT":"TOTAL","MURDER":2621,"RAPE":1545,"ROBBERY":2411,"KIDNAPPING_AND_ABDUCTION":1194,"TOTAL_IPC_CRIMES":187027},{"STATE_UT":"MANIPUR","DISTRICT":"TOTAL","MURDER":256,"RAPE":25,"ROBBERY":8,"KIDNAPPING_AND_ABDUCTION":106,"TOTAL_IPC_CRIMES":2913},{"STATE_UT":"MEGHALAYA","DISTRICT":"TOTAL","MURDER":134,"RAPE":63,"ROBBERY":95,"KIDNAPPING_AND_ABDUCTION":48,"TOTAL_IPC_CRIMES":1880},{"STATE_UT":"MIZORAM","DISTRICT":"TOTAL","MURDER":24,"RAPE":37,"ROBBERY":6,"KIDNAPPING_AND_ABDUCTION":13,"TOTAL_IPC_CRIMES":2156},{"STATE_UT":"NAGALAND","DISTRICT":"TOTAL","MURDER":87,"RAPE":17,"ROBBERY":80,"KIDNAPPING_AND_ABDUCTION":26,"TOTAL_IPC_CRIMES":1049},{"STATE_UT":"ODISHA","DISTRICT":"TOTAL","MURDER":1079,"RAPE":799,"ROBBERY":998,"KIDNAPPING_AND_ABDUCTION":641,"TOTAL_IPC_CRIMES":51685},{"STATE_UT":"PUNJAB","DISTRICT":"TOTAL","MURDER":713,"RAPE":398,"ROBBERY":85,"KIDNAPPING_AND_ABDUCTION":478,"TOTAL_IPC_CRIMES":27136},{"STATE_UT":"RAJASTHAN","DISTRICT":"TOTAL","MURDER":1221,"RAPE":993,"ROBBERY":590,"KIDNAPPING_AND_ABDUCTION":1993,"TOTAL_IPC_CRIMES":140917},{"STATE_UT":"SIKKIM","DISTRICT":"TOTAL","MURDER":8,"RAPE":18,"ROBBERY":4,"KIDNAPPING_AND_ABDUCTION":3,"TOTAL_IPC_CRIMES":552},{"STATE_UT":"TAMIL NADU","DISTRICT":"TOTAL","MURDER":1440,"RAPE":571,"ROBBERY":437,"KIDNAPPING_AND_ABDUCTION":1029,"TOTAL_IPC_CRIMES":162360},{"STATE_UT":"TRIPURA","DISTRICT":"TOTAL","MURDER":121,"RAPE":162,"ROBBERY":61,"KIDNAPPING_AND_ABDUCTION":85,"TOTAL_IPC_CRIMES":3356},{"STATE_UT":"UTTAR PRADESH","DISTRICT":"TOTAL","MURDER":5711,"RAPE":1217,"ROBBERY":2049,"KIDNAPPING_AND_ABDUCTION":2955,"TOTAL_IPC_CRIMES":122108},{"STATE_UT":"UTTARAKHAND","DISTRICT":"TOTAL","MURDER":279,"RAPE":133,"ROBBERY":159,"KIDNAPPING_AND_ABDUCTION":203,"TOTAL_IPC_CRIMES":8033},{"STATE_UT":"WEST BENGAL","DISTRICT":"TOTAL","MURDER":1453,"RAPE":1686,"ROBBERY":426,"KIDNAPPING_AND_ABDUCTION":1207,"TOTAL_IPC_CRIMES":66406},{"STATE_UT":"A & N ISLANDS","DISTRICT":"TOTAL","MURDER":14,"RAPE":4,"ROBBERY":4,"KIDNAPPING_AND_ABDUCTION":2,"TOTAL_IPC_CRIMES":682},{"STATE_UT":"CHANDIGARH","DISTRICT":"TOTAL","MURDER":18,"RAPE":33,"ROBBERY":12,"KIDNAPPING_AND_ABDUCTION":54,"TOTAL_IPC_CRIMES":3133},{"STATE_UT":"D & N HAVELI","DISTRICT":"TOTAL","MURDER":7,"RAPE":5,"ROBBERY":2,"KIDNAPPING_AND_ABDUCTION":13,"TOTAL_IPC_CRIMES":434},{"STATE_UT":"DAMAN & DIU","DISTRICT":"TOTAL","MURDER":5,"RAPE":2,"ROBBERY":0,"KIDNAPPING_AND_ABDUCTION":4,"TOTAL_IPC_CRIMES":243},{"STATE_UT":"LAKSHADWEEP","DISTRICT":"TOTAL","MURDER":1,"RAPE":0,"ROBBERY":0,"KIDNAPPING_AND_ABDUCTION":0,"TOTAL_IPC_CRIMES":42},{"STATE_UT":"PUDUCHERRY","DISTRICT":"TOTAL","MURDER":19,"RAPE":6,"ROBBERY":5,"KIDNAPPING_AND_ABDUCTION":6,"TOTAL_IPC_CRIMES":4575}]