[{"STATE_UT":"ANDHRA PRADESH","DISTRICT":"TOTAL","MURDER":2808,"RAPE":1442,"ROBBERY":600,"KIDNAPPING_AND_ABDUCTION":2154,"TOTAL_IPC_CRIMES":189780},{"STATE_UT":"ARUNACHAL PRADESH","DISTRICT":"TOTAL","MURDER":65,"RAPE":42,"ROBBERY":64,"KIDNAPPING_AND_ABDUCTION":93,"TOTAL_IPC_CRIMES":2286},{"STATE_UT":"ASSAM","DISTRICT":"TOTAL","MURDER":1303,"RAPE":1700,"ROBBERY":837,"KIDNAPPING_AND_ABDUCTION":3764,"TOTAL_IPC_CRIMES":66714},{"STATE_UT":"BIHAR","DISTRICT":"TOTAL","MURDER":3198,"RAPE":934,"ROBBERY":1381,"KIDNAPPING_AND_ABDUCTION":4268,"TOTAL_IPC_CRIMES":135896},{"STATE_UT":"CHHATTISGARH","DISTRICT":"TOTAL","MURDER":1110,"RAPE":1053,"ROBBERY":470,"KIDNAPPING_AND_ABDUCTION":472,"TOTAL_IPC_CRIMES":57218},{"STATE_UT":"GOA","DISTRICT":"TOTAL","MURDER":48,"RAPE":29,"ROBBERY":26,"KIDNAPPING_AND_ABDUCTION":28,"TOTAL_IPC_CRIMES":3449},{"STATE_UT":"GUJARAT","DISTRICT":"TOTAL","MURDER":1126,"RAPE":439,"ROBBERY":1368,"KIDNAPPING_AND_ABDUCTION":1614,"TOTAL_IPC_CRIMES":123371},{"STATE_UT":"HARYANA","DISTRICT":"TOTAL","MURDER":1062,"RAPE":733,"ROBBERY":638,"KIDNAPPING_AND_ABDUCTION":959,"TOTAL_IPC_CRIMES":60741},{"STATE_UT":"HIMACHAL PRADESH","DISTRICT":"TOTAL","MURDER":130,"RAPE":168,"ROBBERY":10,"KIDNAPPING_AND_ABDUCTION":212,"TOTAL_IPC_CRIMES":14312},{"STATE_UT":"JAMMU & KASHMIR","DISTRICT":"TOTAL","MURDER":169,"RAPE":277,"ROBBERY":88,"KIDNAPPING_AND_ABDUCTION":1077,"TOTAL_IPC_CRIMES":24504},{"STATE_UT":"JHARKHAND","DISTRICT":"TOTAL","MURDER":1747,"RAPE":784,"ROBBERY":614,"KIDNAPPING_AND_ABDUCTION":941,"TOTAL_IPC_CRIMES":35838},{"STATE_UT":"KARNATAKA","DISTRICT":"TOTAL","MURDER":1820,"RAPE":636,"ROBBERY":2123,"KIDNAPPING_AND_ABDUCTION":1395,"TOTAL_IPC_CRIMES":137600},{"STATE_UT":"KERALA","DISTRICT":"TOTAL","MURDER":365,"RAPE":1132,"ROBBERY":741,"KIDNAPPING_AND_ABDUCTION":299,"TOTAL_IPC_CRIMES":172137},{"STATE_UT":"MADHYA PRADESH","DISTRICT":"TOTAL","MURDER":2511,"RAPE":3406,"ROBBERY":1952,"KIDNAPPING_AND_ABDUCTION":1288,"TOTAL_IPC_CRIMES":217094},{"STATE_UT":"MAHARASHTRA","DISTRICT":"TOTAL","MURDER":2818,"RAPE":1701,"ROBBERY":4249,"KIDNAPPING_AND_ABDUCTION":1669,"TOTAL_IPC_CRIMES":204902},{"STATE_UT":"MANIPUR","DISTRICT":"TOTAL","MURDER":78,"RAPE":53,"ROBBERY":7,"KIDNAPPING_AND_ABDUCTION":169,"TOTAL_IPC_CRIMES":3218},{"STATE_UT":"MEGHALAYA","DISTRICT":"TOTAL","MURDER":170,"RAPE":130,"ROBBERY":63,"KIDNAPPING_AND_ABDUCTION":87,"TOTAL_IPC_CRIMES":2755},{"STATE_UT":"MIZORAM","DISTRICT":"TOTAL","MURDER":26,"RAPE":77,"ROBBERY":6,"KIDNAPPING_AND_ABDUCTION":6,"TOTAL_IPC_CRIMES":1821},{"STATE_UT":"NAGALAND","DISTRICT":"TOTAL","MURDER":46,"RAPE":23,"ROBBERY":59,"KIDNAPPING_AND_ABDUCTION":34,"TOTAL_IPC_CRIMES":1083},{"STATE_UT":"ODISHA","DISTRICT":"TOTAL","MURDER":1477,"RAPE":1112,"ROBBERY":1583,"KIDNAPPING_AND_ABDUCTION":1139,"TOTAL_IPC_CRIMES":61277},{"STATE_UT":"PUNJAB","DISTRICT":"TOTAL","MURDER":842,"RAPE":479,"ROBBERY":236,"KIDNAPPING_AND_ABDUCTION":681,"TOTAL_IPC_CRIMES":34883},{"STATE_UT":"RAJASTHAN","DISTRICT":"TOTAL","MURDER":1461,"RAPE":1800,"ROBBERY":727,"KIDNAPPING_AND_ABDUCTION":3204,"TOTAL_IPC_CRIMES":165622},{"STATE_UT":"SIKKIM","DISTRICT":"TOTAL","MURDER":14,"RAPE":16,"ROBBERY":5,"KIDNAPPING_AND_ABDUCTION":10,"TOTAL_IPC_CRIMES":596},{"STATE_UT":"TAMIL NADU","DISTRICT":"TOTAL","MURDER":1877,"RAPE":677,"ROBBERY":2066,"KIDNAPPING_AND_ABDUCTION":1984,"TOTAL_IPC_CRIMES":192879},{"STATE_UT":"TRIPURA","DISTRICT":"TOTAL","MURDER":163,"RAPE":205,"ROBBERY":50,"KIDNAPPING_AND_ABDUCTION":154,"TOTAL_IPC_CRIMES":5803},{"STATE_UT":"UTTAR PRADESH","DISTRICT":"TOTAL","MURDER":4951,"RAPE":2042,"ROBBERY":3148,"KIDNAPPING_AND_ABDUCTION":8500,"TOTAL_IPC_CRIMES":195135},{"STATE_UT":"UTTARAKHAND","DISTRICT":"TOTAL","MURDER":178,"RAPE":129,"ROBBERY":179,"KIDNAPPING_AND_ABDUCTION":314,"TOTAL_IPC_CRIMES":8774},{"STATE_UT":"WEST BENGAL","DISTRICT":"TOTAL","MURDER":2109,"RAPE":2363,"ROBBERY":760,"KIDNAPPING_AND_ABDUCTION":4285,"TOTAL_IPC_CRIMES":143197},{"STATE_UT":"A & N ISLANDS","DISTRICT":"TOTAL","MURDER":14,"RAPE":13,"ROBBERY":1,"KIDNAPPING_AND_ABDUCTION":15,"TOTAL_IPC_CRIMES":793},{"STATE_UT":"CHANDIGARH","DISTRICT":"TOTAL","MURDER":24,"RAPE":27,"ROBBERY":68,"KIDNAPPING_AND_ABDUCTION":58,"TOTAL_IPC_CRIMES":3542},{"STATE_UT":"D & N HAVELI","DISTRICT":"TOTAL","MURDER":14,"RAPE":4,"ROBBERY":2,"KIDNAPPING_AND_ABDUCTION":9,"TOTAL_IPC_CRIMES":372},{"STATE_UT":"DAMAN & DIU","DISTRICT":"TOTAL","MURDER":6,"RAPE":1,"ROBBERY":6,"KIDNAPPING_AND_ABDUCTION":3,"TOTAL_IPC_CRIMES":224},{"STATE_UT":"LAKSHADWEEP","DISTRICT":"TOTAL","MURDER":0,"RAPE":0,"ROBBERY":0,"KIDNAPPING_AND_ABDUCTION":0,"TOTAL_IPC_CRIMES":44},{"STATE_UT":"PUDUCHERRY","DISTRICT":"TOTAL","MURDER":32,"RAPE":7,"ROBBERY":11,"KIDNAPPING_AND_ABDUCTION":12,"TOTAL_IPC_CRIMES":4362}]