[{"level_0":1,"STATE\/UT":"DELHI UT","DISTRICT":"DELHI UT TOTAL","TOTAL":54287},{"level_0":2,"STATE\/UT":"MAHARASHTRA","DISTRICT":"MUMBAI COMMR.","TOTAL":30508},{"level_0":3,"STATE\/UT":"KARNATAKA","DISTRICT":"BANGALORE COMMR.","TOTAL":29297},{"level_0":4,"STATE\/UT":"WEST BENGAL","DISTRICT":"KOLKATA","TOTAL":25370},{"level_0":5,"STATE\/UT":"GUJARAT","DISTRICT":"AHMEDABAD COMMR.","TOTAL":21347},{"level_0":6,"STATE\/UT":"MADHYA PRADESH","DISTRICT":"INDORE","TOTAL":21091},{"level_0":7,"STATE\/UT":"TAMIL NADU","DISTRICT":"CHENNAI","TOTAL":19881},{"level_0":8,"STATE\/UT":"ANDHRA PRADESH","DISTRICT":"CYBERABAD","TOTAL":17979},{"level_0":9,"STATE\/UT":"KERALA","DISTRICT":"ERNAKULAM COMMR.","TOTAL":17324},{"level_0":10,"STATE\/UT":"ANDHRA PRADESH","DISTRICT":"HYDERABAD CITY","TOTAL":15992},{"level_0":11,"STATE\/UT":"KERALA","DISTRICT":"MALAPPURAM","TOTAL":14385},{"level_0":12,"STATE\/UT":"WEST BENGAL","DISTRICT":"24 PARGANAS SOUTH","TOTAL":14370},{"level_0":13,"STATE\/UT":"MADHYA PRADESH","DISTRICT":"BHOPAL","TOTAL":14320},{"level_0":14,"STATE\/UT":"BIHAR","DISTRICT":"PATNA","TOTAL":14015},{"level_0":15,"STATE\/UT":"KERALA","DISTRICT":"THRISSUR RURAL","TOTAL":13403},{"level_0":16,"STATE\/UT":"WEST BENGAL","DISTRICT":"MURSHIDABAD","TOTAL":12713},{"level_0":17,"STATE\/UT":"KERALA","DISTRICT":"KOTTAYAM","TOTAL":12355},{"level_0":18,"STATE\/UT":"MAHARASHTRA","DISTRICT":"PUNE COMMR.","TOTAL":12308},{"level_0":19,"STATE\/UT":"RAJASTHAN","DISTRICT":"ALWAR","TOTAL":11941},{"level_0":20,"STATE\/UT":"WEST BENGAL","DISTRICT":"NADIA","TOTAL":11919},{"level_0":21,"STATE\/UT":"WEST BENGAL","DISTRICT":"24 PARGANAS NORTH","TOTAL":11765},{"level_0":22,"STATE\/UT":"TAMIL NADU","DISTRICT":"CUDDALORE","TOTAL":11318},{"level_0":23,"STATE\/UT":"UTTAR PRADESH","DISTRICT":"LUCKNOW","TOTAL":11083},{"level_0":24,"STATE\/UT":"KERALA","DISTRICT":"ERNAKULAM RURAL","TOTAL":10678},{"level_0":25,"STATE\/UT":"MADHYA PRADESH","DISTRICT":"JABALPUR","TOTAL":10575},{"level_0":26,"STATE\/UT":"TAMIL NADU","DISTRICT":"VILLUPURAM","TOTAL":10486},{"level_0":27,"STATE\/UT":"TAMIL NADU","DISTRICT":"COIMBATORE URBAN","TOTAL":10357},{"level_0":28,"STATE\/UT":"MADHYA PRADESH","DISTRICT":"GWALIOR","TOTAL":10313},{"level_0":29,"STATE\/UT":"MAHARASHTRA","DISTRICT":"THANE COMMR.","TOTAL":10144},{"level_0":30,"STATE\/UT":"KERALA","DISTRICT":"TRIVANDRUM RURAL","TOTAL":10065},{"level_0":31,"STATE\/UT":"UTTAR PRADESH","DISTRICT":"AGRA","TOTAL":9360},{"level_0":32,"STATE\/UT":"MADHYA PRADESH","DISTRICT":"SAGAR","TOTAL":9276},{"level_0":33,"STATE\/UT":"GUJARAT","DISTRICT":"SURAT COMMR.","TOTAL":9246},{"level_0":34,"STATE\/UT":"TAMIL NADU","DISTRICT":"THIRUNELVELI RURAL","TOTAL":9024},{"level_0":35,"STATE\/UT":"ANDHRA PRADESH","DISTRICT":"KARIMNAGAR","TOTAL":8991},{"level_0":36,"STATE\/UT":"ANDHRA PRADESH","DISTRICT":"NALGONDA","TOTAL":8934},{"level_0":37,"STATE\/UT":"RAJASTHAN","DISTRICT":"BHARATPUR","TOTAL":8849},{"level_0":38,"STATE\/UT":"ASSAM","DISTRICT":"GUWAHATI CITY","TOTAL":8730},{"level_0":39,"STATE\/UT":"KERALA","DISTRICT":"PALAKKAD","TOTAL":8611},{"level_0":40,"STATE\/UT":"KERALA","DISTRICT":"ALAPUZHA","TOTAL":8555},{"level_0":41,"STATE\/UT":"MAHARASHTRA","DISTRICT":"PUNE RURAL","TOTAL":8433},{"level_0":42,"STATE\/UT":"KERALA","DISTRICT":"KANNUR","TOTAL":8400},{"level_0":43,"STATE\/UT":"CHHATTISGARH","DISTRICT":"RAIPUR","TOTAL":8323},{"level_0":44,"STATE\/UT":"MADHYA PRADESH","DISTRICT":"UJJAIN","TOTAL":8286},{"level_0":45,"STATE\/UT":"MAHARASHTRA","DISTRICT":"NAGPUR COMMR.","TOTAL":8277},{"level_0":46,"STATE\/UT":"TAMIL NADU","DISTRICT":"KANCHIPURAM","TOTAL":8040},{"level_0":47,"STATE\/UT":"UTTAR PRADESH","DISTRICT":"MEERUT","TOTAL":7984},{"level_0":48,"STATE\/UT":"RAJASTHAN","DISTRICT":"UDAIPUR","TOTAL":7984},{"level_0":49,"STATE\/UT":"ANDHRA PRADESH","DISTRICT":"WEST GODAVARI","TOTAL":7867},{"level_0":50,"STATE\/UT":"WEST BENGAL","DISTRICT":"JALPAIGURI","TOTAL":7861},{"level_0":51,"STATE\/UT":"BIHAR","DISTRICT":"MOTIHARI","TOTAL":7833},{"level_0":52,"STATE\/UT":"TAMIL NADU","DISTRICT":"VELLORE","TOTAL":7710},{"level_0":53,"STATE\/UT":"ANDHRA PRADESH","DISTRICT":"VIJAYAWADA CITY","TOTAL":7686},{"level_0":54,"STATE\/UT":"UTTAR PRADESH","DISTRICT":"GHAZIABAD","TOTAL":7477},{"level_0":55,"STATE\/UT":"CHHATTISGARH","DISTRICT":"DURG","TOTAL":7471},{"level_0":56,"STATE\/UT":"DELHI UT","DISTRICT":"EAST","TOTAL":7423},{"level_0":57,"STATE\/UT":"ANDHRA PRADESH","DISTRICT":"GUNTUR","TOTAL":7371},{"level_0":58,"STATE\/UT":"BIHAR","DISTRICT":"MUZAFFARPUR","TOTAL":7306},{"level_0":59,"STATE\/UT":"KERALA","DISTRICT":"TRIVANDRUM COMMR.","TOTAL":7253},{"level_0":60,"STATE\/UT":"MAHARASHTRA","DISTRICT":"AHMEDNAGAR","TOTAL":7246},{"level_0":61,"STATE\/UT":"ANDHRA PRADESH","DISTRICT":"KRISHNA","TOTAL":7211},{"level_0":62,"STATE\/UT":"HARYANA","DISTRICT":"GURGAON","TOTAL":7138},{"level_0":63,"STATE\/UT":"KERALA","DISTRICT":"KOLLAM COMMR.","TOTAL":7074},{"level_0":64,"STATE\/UT":"TAMIL NADU","DISTRICT":"TIRUPPUR","TOTAL":7046},{"level_0":65,"STATE\/UT":"DELHI UT","DISTRICT":"SOUTH-EAST","TOTAL":7040},{"level_0":66,"STATE\/UT":"UTTAR PRADESH","DISTRICT":"KANPUR NAGAR","TOTAL":7018},{"level_0":67,"STATE\/UT":"ANDHRA PRADESH","DISTRICT":"EAST GODAVARI","TOTAL":6945},{"level_0":68,"STATE\/UT":"MAHARASHTRA","DISTRICT":"THANE RURAL","TOTAL":6919},{"level_0":69,"STATE\/UT":"ANDHRA PRADESH","DISTRICT":"NELLORE","TOTAL":6854},{"level_0":70,"STATE\/UT":"KARNATAKA","DISTRICT":"BELGAUM","TOTAL":6845},{"level_0":71,"STATE\/UT":"TAMIL NADU","DISTRICT":"THANJAVUR","TOTAL":6785},{"level_0":72,"STATE\/UT":"ANDHRA PRADESH","DISTRICT":"KURNOOL","TOTAL":6687},{"level_0":73,"STATE\/UT":"UTTAR PRADESH","DISTRICT":"GAUTAMBUDH NAGAR","TOTAL":6687},{"level_0":74,"STATE\/UT":"ANDHRA PRADESH","DISTRICT":"PRAKASHAM","TOTAL":6675},{"level_0":75,"STATE\/UT":"WEST BENGAL","DISTRICT":"BKP CP","TOTAL":6608},{"level_0":76,"STATE\/UT":"RAJASTHAN","DISTRICT":"AJMER","TOTAL":6550},{"level_0":77,"STATE\/UT":"GUJARAT","DISTRICT":"GANDHINAGAR","TOTAL":6530},{"level_0":78,"STATE\/UT":"ANDHRA PRADESH","DISTRICT":"MAHABOOBNAGAR","TOTAL":6485},{"level_0":79,"STATE\/UT":"ASSAM","DISTRICT":"KOKRAJHAR","TOTAL":6459},{"level_0":80,"STATE\/UT":"GUJARAT","DISTRICT":"VADODARA COMMR.","TOTAL":6440},{"level_0":81,"STATE\/UT":"WEST BENGAL","DISTRICT":"HOOGHLY","TOTAL":6434},{"level_0":82,"STATE\/UT":"GUJARAT","DISTRICT":"HIMATNAGAR","TOTAL":6411},{"level_0":83,"STATE\/UT":"UTTAR PRADESH","DISTRICT":"ALLAHABAD","TOTAL":6394},{"level_0":84,"STATE\/UT":"RAJASTHAN","DISTRICT":"JAIPUR EAST","TOTAL":6371},{"level_0":85,"STATE\/UT":"MAHARASHTRA","DISTRICT":"YAVATMAL","TOTAL":6365},{"level_0":86,"STATE\/UT":"TAMIL NADU","DISTRICT":"MADURAI RURAL","TOTAL":6358},{"level_0":87,"STATE\/UT":"DELHI UT","DISTRICT":"OUTER","TOTAL":6344},{"level_0":88,"STATE\/UT":"BIHAR","DISTRICT":"DARBHANGA","TOTAL":6314},{"level_0":89,"STATE\/UT":"KERALA","DISTRICT":"THRISSUR COMMR.","TOTAL":6231},{"level_0":90,"STATE\/UT":"ANDHRA PRADESH","DISTRICT":"CUDDAPAH","TOTAL":6110},{"level_0":91,"STATE\/UT":"BIHAR","DISTRICT":"GAYA","TOTAL":6082},{"level_0":92,"STATE\/UT":"ANDHRA PRADESH","DISTRICT":"MEDAK","TOTAL":6070},{"level_0":93,"STATE\/UT":"ANDHRA PRADESH","DISTRICT":"KHAMMAM","TOTAL":6041},{"level_0":94,"STATE\/UT":"TAMIL NADU","DISTRICT":"DINDIGUL","TOTAL":5985},{"level_0":95,"STATE\/UT":"KERALA","DISTRICT":"KOLLAM RURAL","TOTAL":5981},{"level_0":96,"STATE\/UT":"ASSAM","DISTRICT":"NAGAON","TOTAL":5980},{"level_0":97,"STATE\/UT":"TAMIL NADU","DISTRICT":"SALEM RURAL","TOTAL":5939},{"level_0":98,"STATE\/UT":"KARNATAKA","DISTRICT":"MANDYA","TOTAL":5914},{"level_0":99,"STATE\/UT":"DELHI UT","DISTRICT":"NORTH-EAST","TOTAL":5903},{"level_0":100,"STATE\/UT":"RAJASTHAN","DISTRICT":"SIKAR","TOTAL":5824},{"level_0":101,"STATE\/UT":"UTTAR PRADESH","DISTRICT":"ALIGARH","TOTAL":5806},{"level_0":102,"STATE\/UT":"ANDHRA PRADESH","DISTRICT":"ADILABAD","TOTAL":5710},{"level_0":103,"STATE\/UT":"WEST BENGAL","DISTRICT":"HOWRAH CITY","TOTAL":5675},{"level_0":104,"STATE\/UT":"KERALA","DISTRICT":"KOZHIKODE RURAL","TOTAL":5645},{"level_0":105,"STATE\/UT":"WEST BENGAL","DISTRICT":"MALDA","TOTAL":5634},{"level_0":106,"STATE\/UT":"KARNATAKA","DISTRICT":"HASSAN","TOTAL":5592},{"level_0":107,"STATE\/UT":"KARNATAKA","DISTRICT":"TUMKUR","TOTAL":5567},{"level_0":108,"STATE\/UT":"KARNATAKA","DISTRICT":"BANGALORE RURAL","TOTAL":5560},{"level_0":109,"STATE\/UT":"DELHI UT","DISTRICT":"WEST","TOTAL":5558},{"level_0":110,"STATE\/UT":"MADHYA PRADESH","DISTRICT":"DHAR","TOTAL":5558},{"level_0":111,"STATE\/UT":"ANDHRA PRADESH","DISTRICT":"NIZAMABAD","TOTAL":5542},{"level_0":112,"STATE\/UT":"TAMIL NADU","DISTRICT":"VIRUDHUNAGAR","TOTAL":5504},{"level_0":113,"STATE\/UT":"MADHYA PRADESH","DISTRICT":"REWA","TOTAL":5498},{"level_0":114,"STATE\/UT":"RAJASTHAN","DISTRICT":"JAIPUR RURAL","TOTAL":5484},{"level_0":115,"STATE\/UT":"RAJASTHAN","DISTRICT":"PALI","TOTAL":5469},{"level_0":116,"STATE\/UT":"ANDHRA PRADESH","DISTRICT":"ANANTAPUR","TOTAL":5441},{"level_0":117,"STATE\/UT":"MADHYA PRADESH","DISTRICT":"MORENA","TOTAL":5431},{"level_0":118,"STATE\/UT":"RAJASTHAN","DISTRICT":"GANGANAGAR","TOTAL":5427},{"level_0":119,"STATE\/UT":"MADHYA PRADESH","DISTRICT":"SATNA","TOTAL":5407},{"level_0":120,"STATE\/UT":"MADHYA PRADESH","DISTRICT":"DEWAS","TOTAL":5369},{"level_0":121,"STATE\/UT":"GUJARAT","DISTRICT":"MEHSANA","TOTAL":5353},{"level_0":122,"STATE\/UT":"KERALA","DISTRICT":"PATHANAMTHITTA","TOTAL":5327},{"level_0":123,"STATE\/UT":"TAMIL NADU","DISTRICT":"THOOTHUGUDI","TOTAL":5324},{"level_0":124,"STATE\/UT":"MADHYA PRADESH","DISTRICT":"CHHINDWARA","TOTAL":5310},{"level_0":125,"STATE\/UT":"RAJASTHAN","DISTRICT":"JAIPUR WEST","TOTAL":5288},{"level_0":126,"STATE\/UT":"BIHAR","DISTRICT":"SARAN","TOTAL":5254},{"level_0":127,"STATE\/UT":"UTTAR PRADESH","DISTRICT":"BAREILLY","TOTAL":5228},{"level_0":128,"STATE\/UT":"MAHARASHTRA","DISTRICT":"NASIK RURAL","TOTAL":5216},{"level_0":129,"STATE\/UT":"WEST BENGAL","DISTRICT":"UTTAR DINAJPUR","TOTAL":5212},{"level_0":130,"STATE\/UT":"BIHAR","DISTRICT":"VAISHALI","TOTAL":5186},{"level_0":131,"STATE\/UT":"KERALA","DISTRICT":"KASARGOD","TOTAL":5174},{"level_0":132,"STATE\/UT":"MAHARASHTRA","DISTRICT":"NAVI MUMBAI","TOTAL":5157},{"level_0":133,"STATE\/UT":"KERALA","DISTRICT":"IDUKKI","TOTAL":5134},{"level_0":134,"STATE\/UT":"RAJASTHAN","DISTRICT":"DAUSA","TOTAL":5101},{"level_0":135,"STATE\/UT":"TAMIL NADU","DISTRICT":"COIMBATORE RURAL","TOTAL":5093},{"level_0":136,"STATE\/UT":"GUJARAT","DISTRICT":"KHEDA NORTH","TOTAL":5092},{"level_0":137,"STATE\/UT":"BIHAR","DISTRICT":"BETTIAH","TOTAL":5073},{"level_0":138,"STATE\/UT":"WEST BENGAL","DISTRICT":"HOWRAH","TOTAL":5059},{"level_0":139,"STATE\/UT":"DELHI UT","DISTRICT":"SOUTH","TOTAL":5045},{"level_0":140,"STATE\/UT":"MAHARASHTRA","DISTRICT":"SATARA","TOTAL":5042},{"level_0":141,"STATE\/UT":"KARNATAKA","DISTRICT":"SHIMOGA","TOTAL":5034},{"level_0":142,"STATE\/UT":"GUJARAT","DISTRICT":"JAMNAGAR","TOTAL":5030},{"level_0":143,"STATE\/UT":"HARYANA","DISTRICT":"FARIDABAD","TOTAL":5023},{"level_0":144,"STATE\/UT":"ASSAM","DISTRICT":"KAMRUP","TOTAL":5022},{"level_0":145,"STATE\/UT":"WEST BENGAL","DISTRICT":"PASCHIM MIDNAPUR","TOTAL":5000},{"level_0":146,"STATE\/UT":"BIHAR","DISTRICT":"NALANDA","TOTAL":4993},{"level_0":147,"STATE\/UT":"WEST BENGAL","DISTRICT":"PURAB MIDNAPUR","TOTAL":4981},{"level_0":148,"STATE\/UT":"MADHYA PRADESH","DISTRICT":"SHIVPURI","TOTAL":4968},{"level_0":149,"STATE\/UT":"ODISHA","DISTRICT":"DCP BBSR","TOTAL":4960},{"level_0":150,"STATE\/UT":"MAHARASHTRA","DISTRICT":"JALGAON","TOTAL":4954},{"level_0":151,"STATE\/UT":"RAJASTHAN","DISTRICT":"BHILWARA","TOTAL":4893},{"level_0":152,"STATE\/UT":"BIHAR","DISTRICT":"MADHUBANI","TOTAL":4887},{"level_0":153,"STATE\/UT":"TAMIL NADU","DISTRICT":"THIRUVANNAMALAI","TOTAL":4874},{"level_0":154,"STATE\/UT":"GUJARAT","DISTRICT":"PALANPUR","TOTAL":4867},{"level_0":155,"STATE\/UT":"BIHAR","DISTRICT":"SAMASTIPUR","TOTAL":4817},{"level_0":156,"STATE\/UT":"TAMIL NADU","DISTRICT":"KANYAKUMARI","TOTAL":4810},{"level_0":157,"STATE\/UT":"TAMIL NADU","DISTRICT":"ERODE","TOTAL":4789},{"level_0":158,"STATE\/UT":"ASSAM","DISTRICT":"BARPETA","TOTAL":4764},{"level_0":159,"STATE\/UT":"ANDHRA PRADESH","DISTRICT":"WARANGAL","TOTAL":4722},{"level_0":160,"STATE\/UT":"MADHYA PRADESH","DISTRICT":"RAJGARH","TOTAL":4712},{"level_0":161,"STATE\/UT":"ANDHRA PRADESH","DISTRICT":"GUNTUR URBAN","TOTAL":4687},{"level_0":162,"STATE\/UT":"WEST BENGAL","DISTRICT":"BURDWAN","TOTAL":4674},{"level_0":163,"STATE\/UT":"KARNATAKA","DISTRICT":"RAMANAGAR","TOTAL":4673},{"level_0":164,"STATE\/UT":"MAHARASHTRA","DISTRICT":"NANDED","TOTAL":4668},{"level_0":165,"STATE\/UT":"ASSAM","DISTRICT":"CACHAR","TOTAL":4658},{"level_0":166,"STATE\/UT":"ASSAM","DISTRICT":"DHUBRI","TOTAL":4633},{"level_0":167,"STATE\/UT":"ANDHRA PRADESH","DISTRICT":"VISAKHAPATNAM","TOTAL":4626},{"level_0":168,"STATE\/UT":"MADHYA PRADESH","DISTRICT":"VIDISHA","TOTAL":4623},{"level_0":169,"STATE\/UT":"JHARKHAND","DISTRICT":"DHANBAD","TOTAL":4606},{"level_0":170,"STATE\/UT":"UTTAR PRADESH","DISTRICT":"GORAKHPUR","TOTAL":4577},{"level_0":171,"STATE\/UT":"CHHATTISGARH","DISTRICT":"BILASPUR","TOTAL":4576},{"level_0":172,"STATE\/UT":"RAJASTHAN","DISTRICT":"KARAULI","TOTAL":4561},{"level_0":173,"STATE\/UT":"MAHARASHTRA","DISTRICT":"KOLHAPUR","TOTAL":4554},{"level_0":174,"STATE\/UT":"DELHI UT","DISTRICT":"NORTH-WEST","TOTAL":4542},{"level_0":175,"STATE\/UT":"HARYANA","DISTRICT":"HISSAR","TOTAL":4536},{"level_0":176,"STATE\/UT":"RAJASTHAN","DISTRICT":"BIKANER","TOTAL":4535},{"level_0":177,"STATE\/UT":"MADHYA PRADESH","DISTRICT":"CHHATARPUR","TOTAL":4521},{"level_0":178,"STATE\/UT":"RAJASTHAN","DISTRICT":"NAGAUR","TOTAL":4498},{"level_0":179,"STATE\/UT":"TAMIL NADU","DISTRICT":"TRICHY RURAL","TOTAL":4485},{"level_0":180,"STATE\/UT":"ANDHRA PRADESH","DISTRICT":"VIZIANAGARAM","TOTAL":4482},{"level_0":181,"STATE\/UT":"MAHARASHTRA","DISTRICT":"SOLAPUR RURAL","TOTAL":4476},{"level_0":182,"STATE\/UT":"ANDHRA PRADESH","DISTRICT":"CHITTOOR","TOTAL":4465},{"level_0":183,"STATE\/UT":"MAHARASHTRA","DISTRICT":"AMRAVATI RURAL","TOTAL":4442},{"level_0":184,"STATE\/UT":"UTTAR PRADESH","DISTRICT":"MATHURA","TOTAL":4438},{"level_0":185,"STATE\/UT":"RAJASTHAN","DISTRICT":"CHITTORGARH","TOTAL":4390},{"level_0":186,"STATE\/UT":"MAHARASHTRA","DISTRICT":"NASIK COMMR.","TOTAL":4390},{"level_0":187,"STATE\/UT":"BIHAR","DISTRICT":"SIWAN","TOTAL":4379},{"level_0":188,"STATE\/UT":"GUJARAT","DISTRICT":"BHAVNAGAR","TOTAL":4375},{"level_0":189,"STATE\/UT":"RAJASTHAN","DISTRICT":"JHUNJHUNU","TOTAL":4358},{"level_0":190,"STATE\/UT":"KARNATAKA","DISTRICT":"MYSORE RURAL","TOTAL":4339},{"level_0":191,"STATE\/UT":"GUJARAT","DISTRICT":"RAJKOT COMMR.","TOTAL":4319},{"level_0":192,"STATE\/UT":"TAMIL NADU","DISTRICT":"THENI","TOTAL":4312},{"level_0":193,"STATE\/UT":"GUJARAT","DISTRICT":"RAJKOT RURAL","TOTAL":4297},{"level_0":194,"STATE\/UT":"JAMMU & KASHMIR","DISTRICT":"JAMMU","TOTAL":4261},{"level_0":195,"STATE\/UT":"ODISHA","DISTRICT":"BALASORE","TOTAL":4257},{"level_0":196,"STATE\/UT":"TAMIL NADU","DISTRICT":"NAGAPATTINAM","TOTAL":4245},{"level_0":197,"STATE\/UT":"MADHYA PRADESH","DISTRICT":"RAISEN","TOTAL":4207},{"level_0":198,"STATE\/UT":"TAMIL NADU","DISTRICT":"KRISHNAGIRI","TOTAL":4196},{"level_0":199,"STATE\/UT":"MADHYA PRADESH","DISTRICT":"KHARGON","TOTAL":4171},{"level_0":200,"STATE\/UT":"KERALA","DISTRICT":"KOZHIKODE COMMR.","TOTAL":4156},{"level_0":201,"STATE\/UT":"KARNATAKA","DISTRICT":"GULBARGA","TOTAL":4101},{"level_0":202,"STATE\/UT":"MAHARASHTRA","DISTRICT":"BEED","TOTAL":4099},{"level_0":203,"STATE\/UT":"DELHI UT","DISTRICT":"SOUTH-WEST","TOTAL":4085},{"level_0":204,"STATE\/UT":"RAJASTHAN","DISTRICT":"HANUMANGARH","TOTAL":4077},{"level_0":205,"STATE\/UT":"BIHAR","DISTRICT":"KATIHAR","TOTAL":4072},{"level_0":206,"STATE\/UT":"TAMIL NADU","DISTRICT":"NAMAKKAL","TOTAL":4070},{"level_0":207,"STATE\/UT":"KARNATAKA","DISTRICT":"CHITRADURGA","TOTAL":4059},{"level_0":208,"STATE\/UT":"RAJASTHAN","DISTRICT":"SAWAI MADHOPUR","TOTAL":4054},{"level_0":209,"STATE\/UT":"TAMIL NADU","DISTRICT":"THIRUVARUR","TOTAL":4039},{"level_0":210,"STATE\/UT":"JHARKHAND","DISTRICT":"JAMSHEDPUR","TOTAL":4022},{"level_0":211,"STATE\/UT":"RAJASTHAN","DISTRICT":"JAIPUR SOUTH","TOTAL":4016},{"level_0":212,"STATE\/UT":"BIHAR","DISTRICT":"SITAMARHI","TOTAL":3982},{"level_0":213,"STATE\/UT":"ASSAM","DISTRICT":"SONITPUR","TOTAL":3980},{"level_0":214,"STATE\/UT":"RAJASTHAN","DISTRICT":"KOTA CITY","TOTAL":3972},{"level_0":215,"STATE\/UT":"BIHAR","DISTRICT":"GOPALGANJ","TOTAL":3959},{"level_0":216,"STATE\/UT":"HARYANA","DISTRICT":"KARNAL","TOTAL":3958},{"level_0":217,"STATE\/UT":"BIHAR","DISTRICT":"PURNEA","TOTAL":3953},{"level_0":218,"STATE\/UT":"MADHYA PRADESH","DISTRICT":"BHIND","TOTAL":3920},{"level_0":219,"STATE\/UT":"GUJARAT","DISTRICT":"JUNAGADH","TOTAL":3915},{"level_0":220,"STATE\/UT":"WEST BENGAL","DISTRICT":"ASANSOL","TOTAL":3897},{"level_0":221,"STATE\/UT":"MADHYA PRADESH","DISTRICT":"SIHORE","TOTAL":3894},{"level_0":222,"STATE\/UT":"ODISHA","DISTRICT":"PURI","TOTAL":3883},{"level_0":223,"STATE\/UT":"BIHAR","DISTRICT":"BHOJPUR","TOTAL":3846},{"level_0":224,"STATE\/UT":"ODISHA","DISTRICT":"ANGUL","TOTAL":3835},{"level_0":225,"STATE\/UT":"ANDHRA PRADESH","DISTRICT":"SRIKAKULAM","TOTAL":3818},{"level_0":226,"STATE\/UT":"RAJASTHAN","DISTRICT":"JHALAWAR","TOTAL":3795},{"level_0":227,"STATE\/UT":"MAHARASHTRA","DISTRICT":"CHANDRAPUR","TOTAL":3763},{"level_0":228,"STATE\/UT":"RAJASTHAN","DISTRICT":"BARMER","TOTAL":3744},{"level_0":229,"STATE\/UT":"TAMIL NADU","DISTRICT":"DHARMAPURI","TOTAL":3742},{"level_0":230,"STATE\/UT":"RAJASTHAN","DISTRICT":"DHOLPUR","TOTAL":3739},{"level_0":231,"STATE\/UT":"BIHAR","DISTRICT":"BEGUSARAI","TOTAL":3717},{"level_0":232,"STATE\/UT":"UTTAR PRADESH","DISTRICT":"MUZAFFARNAGAR","TOTAL":3715},{"level_0":233,"STATE\/UT":"GUJARAT","DISTRICT":"PANCHMAHAL","TOTAL":3677},{"level_0":234,"STATE\/UT":"GUJARAT","DISTRICT":"AHMEDABAD RURAL","TOTAL":3673},{"level_0":235,"STATE\/UT":"BIHAR","DISTRICT":"ROHTAS","TOTAL":3665},{"level_0":236,"STATE\/UT":"MAHARASHTRA","DISTRICT":"AURANGABAD COMMR.","TOTAL":3659},{"level_0":237,"STATE\/UT":"KARNATAKA","DISTRICT":"BIDAR","TOTAL":3658},{"level_0":238,"STATE\/UT":"UTTAR PRADESH","DISTRICT":"MORADABAD","TOTAL":3652},{"level_0":239,"STATE\/UT":"GUJARAT","DISTRICT":"SURAT RURAL","TOTAL":3644},{"level_0":240,"STATE\/UT":"MAHARASHTRA","DISTRICT":"NAGPUR RURAL","TOTAL":3622},{"level_0":241,"STATE\/UT":"CHANDIGARH","DISTRICT":"CHANDIGARH","TOTAL":3606},{"level_0":242,"STATE\/UT":"TAMIL NADU","DISTRICT":"SIVAGANGAI","TOTAL":3598},{"level_0":243,"STATE\/UT":"RAJASTHAN","DISTRICT":"BARAN","TOTAL":3596},{"level_0":244,"STATE\/UT":"MADHYA PRADESH","DISTRICT":"GUNA","TOTAL":3592},{"level_0":245,"STATE\/UT":"ANDHRA PRADESH","DISTRICT":"WARANGAL URBAN","TOTAL":3583},{"level_0":246,"STATE\/UT":"TAMIL NADU","DISTRICT":"THIRUVALLUR","TOTAL":3579},{"level_0":247,"STATE\/UT":"JHARKHAND","DISTRICT":"BOKARO","TOTAL":3564},{"level_0":248,"STATE\/UT":"MAHARASHTRA","DISTRICT":"WARDHA","TOTAL":3564},{"level_0":249,"STATE\/UT":"MAHARASHTRA","DISTRICT":"AURANGABAD RURAL","TOTAL":3562},{"level_0":250,"STATE\/UT":"UTTAR PRADESH","DISTRICT":"BULANDSHAHAR","TOTAL":3554},{"level_0":251,"STATE\/UT":"TAMIL NADU","DISTRICT":"RAMNATHAPURAM","TOTAL":3549},{"level_0":252,"STATE\/UT":"MAHARASHTRA","DISTRICT":"BULDHANA","TOTAL":3497},{"level_0":253,"STATE\/UT":"PUDUCHERRY","DISTRICT":"PUDUCHERRY","TOTAL":3494},{"level_0":254,"STATE\/UT":"WEST BENGAL","DISTRICT":"COOCHBEHAR","TOTAL":3491},{"level_0":255,"STATE\/UT":"GUJARAT","DISTRICT":"VADODARA RURAL","TOTAL":3479},{"level_0":256,"STATE\/UT":"MADHYA PRADESH","DISTRICT":"MANDSAUR","TOTAL":3469},{"level_0":257,"STATE\/UT":"HARYANA","DISTRICT":"SONIPAT","TOTAL":3465},{"level_0":258,"STATE\/UT":"UTTAR PRADESH","DISTRICT":"VARANASI","TOTAL":3465},{"level_0":259,"STATE\/UT":"WEST BENGAL","DISTRICT":"BDN CP","TOTAL":3446},{"level_0":260,"STATE\/UT":"MAHARASHTRA","DISTRICT":"AKOLA","TOTAL":3442},{"level_0":261,"STATE\/UT":"MADHYA PRADESH","DISTRICT":"RATLAM","TOTAL":3420},{"level_0":262,"STATE\/UT":"MADHYA PRADESH","DISTRICT":"KATNI","TOTAL":3383},{"level_0":263,"STATE\/UT":"HARYANA","DISTRICT":"BHIWANI","TOTAL":3378},{"level_0":264,"STATE\/UT":"MADHYA PRADESH","DISTRICT":"SHAHDOL","TOTAL":3375},{"level_0":265,"STATE\/UT":"MADHYA PRADESH","DISTRICT":"NARSINGHPUR","TOTAL":3371},{"level_0":266,"STATE\/UT":"RAJASTHAN","DISTRICT":"CHURU","TOTAL":3363},{"level_0":267,"STATE\/UT":"UTTAR PRADESH","DISTRICT":"SITAPUR","TOTAL":3360},{"level_0":268,"STATE\/UT":"MADHYA PRADESH","DISTRICT":"SHAJAPUR","TOTAL":3350},{"level_0":269,"STATE\/UT":"MADHYA PRADESH","DISTRICT":"TIKAMGARH","TOTAL":3302},{"level_0":270,"STATE\/UT":"MADHYA PRADESH","DISTRICT":"HOSHANGABAD","TOTAL":3298},{"level_0":271,"STATE\/UT":"CHHATTISGARH","DISTRICT":"JANJGIR","TOTAL":3287},{"level_0":272,"STATE\/UT":"BIHAR","DISTRICT":"AURANGABAD","TOTAL":3279},{"level_0":273,"STATE\/UT":"KARNATAKA","DISTRICT":"DAVANAGERE","TOTAL":3271},{"level_0":274,"STATE\/UT":"TAMIL NADU","DISTRICT":"MADURAI URBAN","TOTAL":3261},{"level_0":275,"STATE\/UT":"UTTAR PRADESH","DISTRICT":"SAHARANPUR","TOTAL":3254},{"level_0":276,"STATE\/UT":"MADHYA PRADESH","DISTRICT":"DAMOH","TOTAL":3248},{"level_0":277,"STATE\/UT":"MAHARASHTRA","DISTRICT":"LATUR","TOTAL":3237},{"level_0":278,"STATE\/UT":"RAJASTHAN","DISTRICT":"TONK","TOTAL":3232},{"level_0":279,"STATE\/UT":"TAMIL NADU","DISTRICT":"PUDUKOTTAI","TOTAL":3142},{"level_0":280,"STATE\/UT":"BIHAR","DISTRICT":"BHAGALPUR","TOTAL":3134},{"level_0":281,"STATE\/UT":"RAJASTHAN","DISTRICT":"BUNDI","TOTAL":3124},{"level_0":282,"STATE\/UT":"KARNATAKA","DISTRICT":"BELLARY","TOTAL":3112},{"level_0":283,"STATE\/UT":"UTTAR PRADESH","DISTRICT":"BIJNOR","TOTAL":3108},{"level_0":284,"STATE\/UT":"GUJARAT","DISTRICT":"PATAN","TOTAL":3107},{"level_0":285,"STATE\/UT":"UTTAR PRADESH","DISTRICT":"FIROZABAD","TOTAL":3096},{"level_0":286,"STATE\/UT":"WEST BENGAL","DISTRICT":"BIRBHUM","TOTAL":3083},{"level_0":287,"STATE\/UT":"MADHYA PRADESH","DISTRICT":"BETUL","TOTAL":3080},{"level_0":288,"STATE\/UT":"PUNJAB","DISTRICT":"CP LUDHIANA","TOTAL":3065},{"level_0":289,"STATE\/UT":"MAHARASHTRA","DISTRICT":"OSMANABAD","TOTAL":3055},{"level_0":290,"STATE\/UT":"CHHATTISGARH","DISTRICT":"RAIGARH","TOTAL":3053},{"level_0":291,"STATE\/UT":"MAHARASHTRA","DISTRICT":"JALNA","TOTAL":3051},{"level_0":292,"STATE\/UT":"KARNATAKA","DISTRICT":"RAICHUR","TOTAL":3039},{"level_0":293,"STATE\/UT":"CHHATTISGARH","DISTRICT":"RAJNANDGAON","TOTAL":3035},{"level_0":294,"STATE\/UT":"GUJARAT","DISTRICT":"KUTCH (EAST(G))","TOTAL":3030},{"level_0":295,"STATE\/UT":"WEST BENGAL","DISTRICT":"SILIGURI_PC","TOTAL":3023},{"level_0":296,"STATE\/UT":"UTTAR PRADESH","DISTRICT":"HARDOI","TOTAL":3005},{"level_0":297,"STATE\/UT":"HARYANA","DISTRICT":"PANIPAT","TOTAL":3003},{"level_0":298,"STATE\/UT":"ASSAM","DISTRICT":"DIBRUGARH","TOTAL":2997},{"level_0":299,"STATE\/UT":"GUJARAT","DISTRICT":"ANAND","TOTAL":2991},{"level_0":300,"STATE\/UT":"GUJARAT","DISTRICT":"SURENDRANAGAR","TOTAL":2985},{"level_0":301,"STATE\/UT":"DELHI UT","DISTRICT":"CENTRAL","TOTAL":2973},{"level_0":302,"STATE\/UT":"HARYANA","DISTRICT":"ROHTAK","TOTAL":2951},{"level_0":303,"STATE\/UT":"RAJASTHAN","DISTRICT":"JAIPUR NORTH","TOTAL":2936},{"level_0":304,"STATE\/UT":"TAMIL NADU","DISTRICT":"TRICHY URBAN","TOTAL":2926},{"level_0":305,"STATE\/UT":"UTTAR PRADESH","DISTRICT":"KHIRI","TOTAL":2917},{"level_0":306,"STATE\/UT":"KERALA","DISTRICT":"WAYANADU","TOTAL":2890},{"level_0":307,"STATE\/UT":"ODISHA","DISTRICT":"CUTTACK","TOTAL":2882},{"level_0":308,"STATE\/UT":"JHARKHAND","DISTRICT":"GIRIDIH","TOTAL":2871},{"level_0":309,"STATE\/UT":"MADHYA PRADESH","DISTRICT":"KHANDWA","TOTAL":2841},{"level_0":310,"STATE\/UT":"MAHARASHTRA","DISTRICT":"PARBHANI","TOTAL":2836},{"level_0":311,"STATE\/UT":"KARNATAKA","DISTRICT":"UTTAR KANNADA","TOTAL":2828},{"level_0":312,"STATE\/UT":"KARNATAKA","DISTRICT":"MYSORE COMMR.","TOTAL":2826},{"level_0":313,"STATE\/UT":"HIMACHAL PRADESH","DISTRICT":"KANGRA","TOTAL":2810},{"level_0":314,"STATE\/UT":"MADHYA PRADESH","DISTRICT":"BALAGHAT","TOTAL":2792},{"level_0":315,"STATE\/UT":"RAJASTHAN","DISTRICT":"JODHPUR RURAL","TOTAL":2788},{"level_0":316,"STATE\/UT":"KARNATAKA","DISTRICT":"BIJAPUR","TOTAL":2783},{"level_0":317,"STATE\/UT":"MAHARASHTRA","DISTRICT":"SANGLI","TOTAL":2783},{"level_0":318,"STATE\/UT":"UTTAR PRADESH","DISTRICT":"G.R.P.","TOTAL":2782},{"level_0":319,"STATE\/UT":"GUJARAT","DISTRICT":"BHARUCH","TOTAL":2781},{"level_0":320,"STATE\/UT":"RAJASTHAN","DISTRICT":"BANSWARA","TOTAL":2777},{"level_0":321,"STATE\/UT":"ODISHA","DISTRICT":"JAJPUR","TOTAL":2759},{"level_0":322,"STATE\/UT":"WEST BENGAL","DISTRICT":"BANKURA","TOTAL":2758},{"level_0":323,"STATE\/UT":"ANDHRA PRADESH","DISTRICT":"VISAKHA RURAL","TOTAL":2733},{"level_0":324,"STATE\/UT":"GUJARAT","DISTRICT":"VALSAD","TOTAL":2731},{"level_0":325,"STATE\/UT":"BIHAR","DISTRICT":"NAWADAH","TOTAL":2729},{"level_0":326,"STATE\/UT":"MADHYA PRADESH","DISTRICT":"SEONI","TOTAL":2728},{"level_0":327,"STATE\/UT":"WEST BENGAL","DISTRICT":"DAKSHIN DINAJPUR","TOTAL":2725},{"level_0":328,"STATE\/UT":"MAHARASHTRA","DISTRICT":"AMRAVATI COMMR.","TOTAL":2713},{"level_0":329,"STATE\/UT":"DELHI UT","DISTRICT":"NORTH","TOTAL":2700},{"level_0":330,"STATE\/UT":"ASSAM","DISTRICT":"SIBSAGAR","TOTAL":2686},{"level_0":331,"STATE\/UT":"KARNATAKA","DISTRICT":"MANGALORE CITY","TOTAL":2685},{"level_0":332,"STATE\/UT":"UTTAR PRADESH","DISTRICT":"UNNAO","TOTAL":2683},{"level_0":333,"STATE\/UT":"UTTAR PRADESH","DISTRICT":"SHAHJAHANPUR","TOTAL":2632},{"level_0":334,"STATE\/UT":"BIHAR","DISTRICT":"SUPAUL","TOTAL":2626},{"level_0":335,"STATE\/UT":"ODISHA","DISTRICT":"BHADRAK","TOTAL":2624},{"level_0":336,"STATE\/UT":"ODISHA","DISTRICT":"DCP CTC","TOTAL":2620},{"level_0":337,"STATE\/UT":"JAMMU & KASHMIR","DISTRICT":"SRINAGAR","TOTAL":2614},{"level_0":338,"STATE\/UT":"UTTARAKHAND","DISTRICT":"HARIDWAR","TOTAL":2613},{"level_0":339,"STATE\/UT":"ASSAM","DISTRICT":"JORHAT","TOTAL":2612},{"level_0":340,"STATE\/UT":"ANDHRA PRADESH","DISTRICT":"TIRUPATHI URBAN","TOTAL":2609},{"level_0":341,"STATE\/UT":"ASSAM","DISTRICT":"DARRANG","TOTAL":2607},{"level_0":342,"STATE\/UT":"RAJASTHAN","DISTRICT":"PRATAPGARH","TOTAL":2585},{"level_0":343,"STATE\/UT":"MADHYA PRADESH","DISTRICT":"SIDHI","TOTAL":2568},{"level_0":344,"STATE\/UT":"BIHAR","DISTRICT":"BUXAR","TOTAL":2566},{"level_0":345,"STATE\/UT":"ODISHA","DISTRICT":"MAYURBHANJ","TOTAL":2565},{"level_0":346,"STATE\/UT":"KARNATAKA","DISTRICT":"CBPURA","TOTAL":2554},{"level_0":347,"STATE\/UT":"PUNJAB","DISTRICT":"PATIALA","TOTAL":2545},{"level_0":348,"STATE\/UT":"ASSAM","DISTRICT":"TINSUKIA","TOTAL":2544},{"level_0":349,"STATE\/UT":"MAHARASHTRA","DISTRICT":"DHULE","TOTAL":2542},{"level_0":350,"STATE\/UT":"UTTAR PRADESH","DISTRICT":"BADAUN","TOTAL":2537},{"level_0":351,"STATE\/UT":"BIHAR","DISTRICT":"ARARIA","TOTAL":2526},{"level_0":352,"STATE\/UT":"ODISHA","DISTRICT":"KEONJHAR","TOTAL":2507},{"level_0":353,"STATE\/UT":"KARNATAKA","DISTRICT":"CHICKMAGALUR","TOTAL":2498},{"level_0":354,"STATE\/UT":"TAMIL NADU","DISTRICT":"ARIYALUR","TOTAL":2480},{"level_0":355,"STATE\/UT":"RAJASTHAN","DISTRICT":"JALORE","TOTAL":2480},{"level_0":356,"STATE\/UT":"ODISHA","DISTRICT":"SAMBALPUR","TOTAL":2474},{"level_0":357,"STATE\/UT":"MADHYA PRADESH","DISTRICT":"ASHOK NAGAR","TOTAL":2474},{"level_0":358,"STATE\/UT":"UTTAR PRADESH","DISTRICT":"ETAH","TOTAL":2468},{"level_0":359,"STATE\/UT":"UTTAR PRADESH","DISTRICT":"GONDA","TOTAL":2458},{"level_0":360,"STATE\/UT":"HARYANA","DISTRICT":"PALWAL","TOTAL":2457},{"level_0":361,"STATE\/UT":"KARNATAKA","DISTRICT":"UDUPI","TOTAL":2454},{"level_0":362,"STATE\/UT":"HARYANA","DISTRICT":"REWARI","TOTAL":2452},{"level_0":363,"STATE\/UT":"MADHYA PRADESH","DISTRICT":"DATIYA","TOTAL":2441},{"level_0":364,"STATE\/UT":"RAJASTHAN","DISTRICT":"RAJSAMAND","TOTAL":2439},{"level_0":365,"STATE\/UT":"MADHYA PRADESH","DISTRICT":"JHABUA","TOTAL":2431},{"level_0":366,"STATE\/UT":"JHARKHAND","DISTRICT":"HAZARIBAGH","TOTAL":2427},{"level_0":367,"STATE\/UT":"BIHAR","DISTRICT":"SAHARSA","TOTAL":2421},{"level_0":368,"STATE\/UT":"ASSAM","DISTRICT":"GOALPARA","TOTAL":2415},{"level_0":369,"STATE\/UT":"PUNJAB","DISTRICT":"SAS NGR","TOTAL":2414},{"level_0":370,"STATE\/UT":"TAMIL NADU","DISTRICT":"KARUR","TOTAL":2401},{"level_0":371,"STATE\/UT":"UTTAR PRADESH","DISTRICT":"MAINPURI","TOTAL":2400},{"level_0":372,"STATE\/UT":"JHARKHAND","DISTRICT":"RANCHI","TOTAL":2396},{"level_0":373,"STATE\/UT":"MADHYA PRADESH","DISTRICT":"SINGRAULI","TOTAL":2393},{"level_0":374,"STATE\/UT":"CHHATTISGARH","DISTRICT":"BALODA BAZAR","TOTAL":2371},{"level_0":375,"STATE\/UT":"UTTAR PRADESH","DISTRICT":"BAHRAICH","TOTAL":2369},{"level_0":376,"STATE\/UT":"UTTAR PRADESH","DISTRICT":"PRATAPGARH","TOTAL":2354},{"level_0":377,"STATE\/UT":"HARYANA","DISTRICT":"AMBALA URBAN","TOTAL":2342},{"level_0":378,"STATE\/UT":"KARNATAKA","DISTRICT":"HAVERI","TOTAL":2333},{"level_0":379,"STATE\/UT":"RAJASTHAN","DISTRICT":"KOTA RURAL","TOTAL":2331},{"level_0":380,"STATE\/UT":"TAMIL NADU","DISTRICT":"SALEM URBAN","TOTAL":2329},{"level_0":381,"STATE\/UT":"MAHARASHTRA","DISTRICT":"MUMBAI RLY.","TOTAL":2325},{"level_0":382,"STATE\/UT":"HARYANA","DISTRICT":"JIND","TOTAL":2323},{"level_0":383,"STATE\/UT":"UTTARAKHAND","DISTRICT":"UDHAMSINGH NAGAR","TOTAL":2314},{"level_0":384,"STATE\/UT":"RAJASTHAN","DISTRICT":"JODHPUR EAST","TOTAL":2303},{"level_0":385,"STATE\/UT":"GUJARAT","DISTRICT":"AMRELI","TOTAL":2301},{"level_0":386,"STATE\/UT":"KARNATAKA","DISTRICT":"BAGALKOT","TOTAL":2297},{"level_0":387,"STATE\/UT":"UTTAR PRADESH","DISTRICT":"PILIBHIT","TOTAL":2296},{"level_0":388,"STATE\/UT":"ODISHA","DISTRICT":"GANJAM","TOTAL":2295},{"level_0":389,"STATE\/UT":"HARYANA","DISTRICT":"KURUKSHETRA","TOTAL":2294},{"level_0":390,"STATE\/UT":"BIHAR","DISTRICT":"MADHEPURA","TOTAL":2293},{"level_0":391,"STATE\/UT":"UTTAR PRADESH","DISTRICT":"AZAMGARH","TOTAL":2284},{"level_0":392,"STATE\/UT":"UTTAR PRADESH","DISTRICT":"FAIZABAD","TOTAL":2281},{"level_0":393,"STATE\/UT":"MADHYA PRADESH","DISTRICT":"MANDLA","TOTAL":2275},{"level_0":394,"STATE\/UT":"HARYANA","DISTRICT":"SIRSA","TOTAL":2268},{"level_0":395,"STATE\/UT":"BIHAR","DISTRICT":"KHAGARIA","TOTAL":2257},{"level_0":396,"STATE\/UT":"ASSAM","DISTRICT":"GOLAGHAT","TOTAL":2245},{"level_0":397,"STATE\/UT":"MAHARASHTRA","DISTRICT":"WASHIM","TOTAL":2241},{"level_0":398,"STATE\/UT":"MADHYA PRADESH","DISTRICT":"PANNA","TOTAL":2234},{"level_0":399,"STATE\/UT":"RAJASTHAN","DISTRICT":"JODHPUR WEST","TOTAL":2228},{"level_0":400,"STATE\/UT":"CHHATTISGARH","DISTRICT":"KORBA","TOTAL":2217},{"level_0":401,"STATE\/UT":"ASSAM","DISTRICT":"KARIMGANJ","TOTAL":2210},{"level_0":402,"STATE\/UT":"KARNATAKA","DISTRICT":"KOLAR","TOTAL":2209},{"level_0":403,"STATE\/UT":"UTTARAKHAND","DISTRICT":"DEHRADUN","TOTAL":2189},{"level_0":404,"STATE\/UT":"MADHYA PRADESH","DISTRICT":"NEEMUCH","TOTAL":2183},{"level_0":405,"STATE\/UT":"MAHARASHTRA","DISTRICT":"RAIGAD","TOTAL":2159},{"level_0":406,"STATE\/UT":"UTTAR PRADESH","DISTRICT":"FATEHPUR","TOTAL":2152},{"level_0":407,"STATE\/UT":"ODISHA","DISTRICT":"BOLANGIR","TOTAL":2151},{"level_0":408,"STATE\/UT":"HARYANA","DISTRICT":"YAMUNANAGAR","TOTAL":2144},{"level_0":409,"STATE\/UT":"JHARKHAND","DISTRICT":"GARHWA","TOTAL":2139},{"level_0":410,"STATE\/UT":"ODISHA","DISTRICT":"JAGATSINGHPUR","TOTAL":2139},{"level_0":411,"STATE\/UT":"HARYANA","DISTRICT":"MEWAT","TOTAL":2126},{"level_0":412,"STATE\/UT":"ANDHRA PRADESH","DISTRICT":"RAJAHMUNDRY","TOTAL":2125},{"level_0":413,"STATE\/UT":"CHHATTISGARH","DISTRICT":"MAHASAMUND","TOTAL":2120},{"level_0":414,"STATE\/UT":"JHARKHAND","DISTRICT":"PALAMU","TOTAL":2107},{"level_0":415,"STATE\/UT":"UTTAR PRADESH","DISTRICT":"RAMPUR","TOTAL":2105},{"level_0":416,"STATE\/UT":"PUNJAB","DISTRICT":"SANGRUR","TOTAL":2103},{"level_0":417,"STATE\/UT":"GOA","DISTRICT":"NORTH GOA","TOTAL":2102},{"level_0":418,"STATE\/UT":"ODISHA","DISTRICT":"KENDRAPARA","TOTAL":2096},{"level_0":419,"STATE\/UT":"UTTAR PRADESH","DISTRICT":"BARABANKI","TOTAL":2096},{"level_0":420,"STATE\/UT":"ANDHRA PRADESH","DISTRICT":"RANGA REDDY","TOTAL":2094},{"level_0":421,"STATE\/UT":"MADHYA PRADESH","DISTRICT":"BARWANI","TOTAL":2026},{"level_0":422,"STATE\/UT":"MAHARASHTRA","DISTRICT":"BHANDARA","TOTAL":2019},{"level_0":423,"STATE\/UT":"HARYANA","DISTRICT":"JHAJJAR","TOTAL":2016},{"level_0":424,"STATE\/UT":"UTTAR PRADESH","DISTRICT":"JHANSI","TOTAL":2016},{"level_0":425,"STATE\/UT":"UTTAR PRADESH","DISTRICT":"RAMABAI NAGAR","TOTAL":2013},{"level_0":426,"STATE\/UT":"JHARKHAND","DISTRICT":"DEOGHAR","TOTAL":2000},{"level_0":427,"STATE\/UT":"UTTAR PRADESH","DISTRICT":"ETAWAH","TOTAL":1996},{"level_0":428,"STATE\/UT":"MAHARASHTRA","DISTRICT":"SOLAPUR COMMR.","TOTAL":1992},{"level_0":429,"STATE\/UT":"ASSAM","DISTRICT":"LAKHIMPUR","TOTAL":1968},{"level_0":430,"STATE\/UT":"PUNJAB","DISTRICT":"CP AMRITSAR","TOTAL":1964},{"level_0":431,"STATE\/UT":"ODISHA","DISTRICT":"BERHAMPUR","TOTAL":1958},{"level_0":432,"STATE\/UT":"ODISHA","DISTRICT":"DHENKANAL","TOTAL":1947},{"level_0":433,"STATE\/UT":"KARNATAKA","DISTRICT":"DHARWAD COMMR.","TOTAL":1937},{"level_0":434,"STATE\/UT":"UTTAR PRADESH","DISTRICT":"BHIM NAGAR","TOTAL":1914},{"level_0":435,"STATE\/UT":"RAJASTHAN","DISTRICT":"SIROHI","TOTAL":1906},{"level_0":436,"STATE\/UT":"KARNATAKA","DISTRICT":"KOPPAL","TOTAL":1899},{"level_0":437,"STATE\/UT":"JAMMU & KASHMIR","DISTRICT":"RAJOURI","TOTAL":1894},{"level_0":438,"STATE\/UT":"BIHAR","DISTRICT":"BHABHUA","TOTAL":1867},{"level_0":439,"STATE\/UT":"ODISHA","DISTRICT":"ROURKELA","TOTAL":1861},{"level_0":440,"STATE\/UT":"ODISHA","DISTRICT":"KHURDA","TOTAL":1848},{"level_0":441,"STATE\/UT":"RAJASTHAN","DISTRICT":"DUNGARPUR","TOTAL":1844},{"level_0":442,"STATE\/UT":"WEST BENGAL","DISTRICT":"PURULIA","TOTAL":1841},{"level_0":443,"STATE\/UT":"KARNATAKA","DISTRICT":"DAKSHIN KANNADA","TOTAL":1836},{"level_0":444,"STATE\/UT":"BIHAR","DISTRICT":"MUNGER","TOTAL":1829},{"level_0":445,"STATE\/UT":"UTTAR PRADESH","DISTRICT":"JAUNPUR","TOTAL":1822},{"level_0":446,"STATE\/UT":"UTTAR PRADESH","DISTRICT":"SULTANPUR","TOTAL":1821},{"level_0":447,"STATE\/UT":"PUNJAB","DISTRICT":"BHATINDA","TOTAL":1810},{"level_0":448,"STATE\/UT":"GUJARAT","DISTRICT":"KUTCH (WEST-BHUJ)","TOTAL":1806},{"level_0":449,"STATE\/UT":"ASSAM","DISTRICT":"NALBARI","TOTAL":1801},{"level_0":450,"STATE\/UT":"BIHAR","DISTRICT":"BANKA","TOTAL":1801},{"level_0":451,"STATE\/UT":"MADHYA PRADESH","DISTRICT":"ANUPPUR","TOTAL":1794},{"level_0":452,"STATE\/UT":"UTTAR PRADESH","DISTRICT":"RAIBAREILLY","TOTAL":1774},{"level_0":453,"STATE\/UT":"MAHARASHTRA","DISTRICT":"GONDIA","TOTAL":1772},{"level_0":454,"STATE\/UT":"HARYANA","DISTRICT":"MAHENDRAGARH","TOTAL":1772},{"level_0":455,"STATE\/UT":"UTTAR PRADESH","DISTRICT":"HATHRAS","TOTAL":1770},{"level_0":456,"STATE\/UT":"JHARKHAND","DISTRICT":"GODDA","TOTAL":1765},{"level_0":457,"STATE\/UT":"UTTAR PRADESH","DISTRICT":"PANCHSHIL NAGAR","TOTAL":1765},{"level_0":458,"STATE\/UT":"BIHAR","DISTRICT":"JAMUI","TOTAL":1752},{"level_0":459,"STATE\/UT":"ODISHA","DISTRICT":"BARAGARH","TOTAL":1749},{"level_0":460,"STATE\/UT":"CHHATTISGARH","DISTRICT":"SARGUJA","TOTAL":1742},{"level_0":461,"STATE\/UT":"HIMACHAL PRADESH","DISTRICT":"MANDI","TOTAL":1733},{"level_0":462,"STATE\/UT":"KARNATAKA","DISTRICT":"CHAMARAJNAGAR","TOTAL":1733},{"level_0":463,"STATE\/UT":"BIHAR","DISTRICT":"BAGAHA","TOTAL":1729},{"level_0":464,"STATE\/UT":"HARYANA","DISTRICT":"KAITHAL","TOTAL":1724},{"level_0":465,"STATE\/UT":"PUNJAB","DISTRICT":"CP JALANDHAR","TOTAL":1698},{"level_0":466,"STATE\/UT":"UTTAR PRADESH","DISTRICT":"KUSHI NAGAR","TOTAL":1698},{"level_0":467,"STATE\/UT":"UTTAR PRADESH","DISTRICT":"KANNAUJ","TOTAL":1689},{"level_0":468,"STATE\/UT":"ODISHA","DISTRICT":"KALAHANDI","TOTAL":1685},{"level_0":469,"STATE\/UT":"GUJARAT","DISTRICT":"DAHOD","TOTAL":1683},{"level_0":470,"STATE\/UT":"UTTAR PRADESH","DISTRICT":"J.P.NAGAR","TOTAL":1649},{"level_0":471,"STATE\/UT":"PUNJAB","DISTRICT":"JALANDHAR RURAL","TOTAL":1634},{"level_0":472,"STATE\/UT":"PUNJAB","DISTRICT":"HOSHIARPUR","TOTAL":1626},{"level_0":473,"STATE\/UT":"UTTAR PRADESH","DISTRICT":"FATEHGARH","TOTAL":1608},{"level_0":474,"STATE\/UT":"UTTAR PRADESH","DISTRICT":"BALLIA","TOTAL":1607},{"level_0":475,"STATE\/UT":"CHHATTISGARH","DISTRICT":"KORIYA","TOTAL":1581},{"level_0":476,"STATE\/UT":"WEST BENGAL","DISTRICT":"DARJEELING","TOTAL":1574},{"level_0":477,"STATE\/UT":"UTTAR PRADESH","DISTRICT":"BAGHPAT","TOTAL":1560},{"level_0":478,"STATE\/UT":"KARNATAKA","DISTRICT":"KODAGU","TOTAL":1550},{"level_0":479,"STATE\/UT":"GUJARAT","DISTRICT":"NAVSARI","TOTAL":1542},{"level_0":480,"STATE\/UT":"UTTAR PRADESH","DISTRICT":"MAU","TOTAL":1535},{"level_0":481,"STATE\/UT":"HARYANA","DISTRICT":"FATEHABAD","TOTAL":1535},{"level_0":482,"STATE\/UT":"HIMACHAL PRADESH","DISTRICT":"SHIMLA","TOTAL":1530},{"level_0":483,"STATE\/UT":"UTTAR PRADESH","DISTRICT":"MAHARAJGANJ","TOTAL":1524},{"level_0":484,"STATE\/UT":"UTTAR PRADESH","DISTRICT":"CSM NAGAR","TOTAL":1522},{"level_0":485,"STATE\/UT":"GOA","DISTRICT":"SOUTH GOA","TOTAL":1506},{"level_0":486,"STATE\/UT":"CHHATTISGARH","DISTRICT":"SURAJPUR","TOTAL":1500},{"level_0":487,"STATE\/UT":"BIHAR","DISTRICT":"NAUGACHIA","TOTAL":1494},{"level_0":488,"STATE\/UT":"KARNATAKA","DISTRICT":"YADGIRI","TOTAL":1486},{"level_0":489,"STATE\/UT":"MANIPUR","DISTRICT":"IMPHAL WEST","TOTAL":1485},{"level_0":490,"STATE\/UT":"JHARKHAND","DISTRICT":"DUMKA","TOTAL":1479},{"level_0":491,"STATE\/UT":"JHARKHAND","DISTRICT":"SAHEBGANJ","TOTAL":1467},{"level_0":492,"STATE\/UT":"TAMIL NADU","DISTRICT":"PERAMBALUR","TOTAL":1455},{"level_0":493,"STATE\/UT":"CHHATTISGARH","DISTRICT":"JAGDALPUR","TOTAL":1454},{"level_0":494,"STATE\/UT":"ASSAM","DISTRICT":"MORIGAON","TOTAL":1449},{"level_0":495,"STATE\/UT":"BIHAR","DISTRICT":"JEHANABAD","TOTAL":1448},{"level_0":496,"STATE\/UT":"UTTAR PRADESH","DISTRICT":"DEORIA","TOTAL":1446},{"level_0":497,"STATE\/UT":"MADHYA PRADESH","DISTRICT":"BURHANPUR","TOTAL":1436},{"level_0":498,"STATE\/UT":"JAMMU & KASHMIR","DISTRICT":"ANANTNAG","TOTAL":1431},{"level_0":499,"STATE\/UT":"ODISHA","DISTRICT":"KORAPUT","TOTAL":1430},{"level_0":500,"STATE\/UT":"UTTAR PRADESH","DISTRICT":"GHAZIPUR","TOTAL":1430},{"level_0":501,"STATE\/UT":"MADHYA PRADESH","DISTRICT":"BHOPAL RLY.","TOTAL":1429},{"level_0":502,"STATE\/UT":"BIHAR","DISTRICT":"KISHANGANJ","TOTAL":1420},{"level_0":503,"STATE\/UT":"PUNJAB","DISTRICT":"KAPURTHALA","TOTAL":1408},{"level_0":504,"STATE\/UT":"MAHARASHTRA","DISTRICT":"RATNAGIRI","TOTAL":1398},{"level_0":505,"STATE\/UT":"TRIPURA","DISTRICT":"WEST","TOTAL":1394},{"level_0":506,"STATE\/UT":"MAHARASHTRA","DISTRICT":"HINGOLI","TOTAL":1391},{"level_0":507,"STATE\/UT":"ASSAM","DISTRICT":"BONGAIGAON","TOTAL":1381},{"level_0":508,"STATE\/UT":"CHHATTISGARH","DISTRICT":"KABIRDHAM","TOTAL":1376},{"level_0":509,"STATE\/UT":"HARYANA","DISTRICT":"PANCHKULA","TOTAL":1372},{"level_0":510,"STATE\/UT":"ODISHA","DISTRICT":"SUNDARGARH","TOTAL":1370},{"level_0":511,"STATE\/UT":"MAHARASHTRA","DISTRICT":"NANDURBAR","TOTAL":1358},{"level_0":512,"STATE\/UT":"MADHYA PRADESH","DISTRICT":"ALIRAJPUR","TOTAL":1355},{"level_0":513,"STATE\/UT":"TAMIL NADU","DISTRICT":"THIRUNELVELI URBAN","TOTAL":1352},{"level_0":514,"STATE\/UT":"MADHYA PRADESH","DISTRICT":"SHEOPUR","TOTAL":1347},{"level_0":515,"STATE\/UT":"CHHATTISGARH","DISTRICT":"BEMETARA","TOTAL":1323},{"level_0":516,"STATE\/UT":"ASSAM","DISTRICT":"HAILAKANDI","TOTAL":1322},{"level_0":517,"STATE\/UT":"UTTAR PRADESH","DISTRICT":"AURAIYA","TOTAL":1319},{"level_0":518,"STATE\/UT":"MADHYA PRADESH","DISTRICT":"HARDA","TOTAL":1318},{"level_0":519,"STATE\/UT":"KARNATAKA","DISTRICT":"DHARWAD RURAL","TOTAL":1313},{"level_0":520,"STATE\/UT":"UTTAR PRADESH","DISTRICT":"KAUSHAMBI","TOTAL":1302},{"level_0":521,"STATE\/UT":"MAHARASHTRA","DISTRICT":"NAGPUR RLY.","TOTAL":1292},{"level_0":522,"STATE\/UT":"UTTAR PRADESH","DISTRICT":"JALAUN","TOTAL":1292},{"level_0":523,"STATE\/UT":"MADHYA PRADESH","DISTRICT":"DINDORI","TOTAL":1268},{"level_0":524,"STATE\/UT":"UTTAR PRADESH","DISTRICT":"PRABUDDH NAGAR","TOTAL":1268},{"level_0":525,"STATE\/UT":"MADHYA PRADESH","DISTRICT":"UMARIYA","TOTAL":1262},{"level_0":526,"STATE\/UT":"JAMMU & KASHMIR","DISTRICT":"KATHUA","TOTAL":1254},{"level_0":527,"STATE\/UT":"ODISHA","DISTRICT":"JHARSUGUDA","TOTAL":1247},{"level_0":528,"STATE\/UT":"ODISHA","DISTRICT":"NAYAGARH","TOTAL":1242},{"level_0":529,"STATE\/UT":"BIHAR","DISTRICT":"LAKHISARAI","TOTAL":1238},{"level_0":530,"STATE\/UT":"CHHATTISGARH","DISTRICT":"JASHPUR","TOTAL":1237},{"level_0":531,"STATE\/UT":"UTTAR PRADESH","DISTRICT":"BASTI","TOTAL":1237},{"level_0":532,"STATE\/UT":"JAMMU & KASHMIR","DISTRICT":"BUDGAM","TOTAL":1234},{"level_0":533,"STATE\/UT":"PUNJAB","DISTRICT":"FEROZPUR","TOTAL":1228},{"level_0":534,"STATE\/UT":"UTTAR PRADESH","DISTRICT":"BANDA","TOTAL":1224},{"level_0":535,"STATE\/UT":"TAMIL NADU","DISTRICT":"NILGIRIS","TOTAL":1216},{"level_0":536,"STATE\/UT":"JAMMU & KASHMIR","DISTRICT":"BARAMULLA","TOTAL":1215},{"level_0":537,"STATE\/UT":"UTTAR PRADESH","DISTRICT":"AMBEDKAR NAGAR","TOTAL":1211},{"level_0":538,"STATE\/UT":"PUNJAB","DISTRICT":"AMRITSAR RURAL","TOTAL":1198},{"level_0":539,"STATE\/UT":"BIHAR","DISTRICT":"SHEIKHPURA","TOTAL":1189},{"level_0":540,"STATE\/UT":"RAJASTHAN","DISTRICT":"JAISALMER","TOTAL":1177},{"level_0":541,"STATE\/UT":"PUNJAB","DISTRICT":"MOGA","TOTAL":1152},{"level_0":542,"STATE\/UT":"CHHATTISGARH","DISTRICT":"DHAMTARI","TOTAL":1147},{"level_0":543,"STATE\/UT":"TRIPURA","DISTRICT":"GOMATI","TOTAL":1147},{"level_0":544,"STATE\/UT":"JHARKHAND","DISTRICT":"KODERMA","TOTAL":1135},{"level_0":545,"STATE\/UT":"UTTAR PRADESH","DISTRICT":"KANSHIRAM NAGAR","TOTAL":1123},{"level_0":546,"STATE\/UT":"HARYANA","DISTRICT":"GRP","TOTAL":1121},{"level_0":547,"STATE\/UT":"PUNJAB","DISTRICT":"TARN TARAN","TOTAL":1117},{"level_0":548,"STATE\/UT":"CHHATTISGARH","DISTRICT":"BALOD","TOTAL":1117},{"level_0":549,"STATE\/UT":"PUNJAB","DISTRICT":"ROPAR","TOTAL":1108},{"level_0":550,"STATE\/UT":"ASSAM","DISTRICT":"DHEMAJI","TOTAL":1107},{"level_0":551,"STATE\/UT":"BIHAR","DISTRICT":"PATNA RLY.","TOTAL":1088},{"level_0":552,"STATE\/UT":"KARNATAKA","DISTRICT":"GADAG","TOTAL":1083},{"level_0":553,"STATE\/UT":"JAMMU & KASHMIR","DISTRICT":"UDHAMPUR","TOTAL":1082},{"level_0":554,"STATE\/UT":"HARYANA","DISTRICT":"AMBALA RURAL","TOTAL":1082},{"level_0":555,"STATE\/UT":"DELHI UT","DISTRICT":"NEW DELHI","TOTAL":1057},{"level_0":556,"STATE\/UT":"ODISHA","DISTRICT":"RAYAGADA","TOTAL":1044},{"level_0":557,"STATE\/UT":"UTTAR PRADESH","DISTRICT":"CHANDOLI","TOTAL":1043},{"level_0":558,"STATE\/UT":"PUNJAB","DISTRICT":"BATALA","TOTAL":1023},{"level_0":559,"STATE\/UT":"ODISHA","DISTRICT":"NOWRANGPUR","TOTAL":1022},{"level_0":560,"STATE\/UT":"JHARKHAND","DISTRICT":"CHATRA","TOTAL":1017},{"level_0":561,"STATE\/UT":"CHHATTISGARH","DISTRICT":"MUNGELI","TOTAL":1012},{"level_0":562,"STATE\/UT":"KARNATAKA","DISTRICT":"K.G.F.","TOTAL":1007},{"level_0":563,"STATE\/UT":"CHHATTISGARH","DISTRICT":"KANKER","TOTAL":1007},{"level_0":564,"STATE\/UT":"JHARKHAND","DISTRICT":"RAMGARH","TOTAL":996},{"level_0":565,"STATE\/UT":"TRIPURA","DISTRICT":"SIPAHIJALA","TOTAL":987},{"level_0":566,"STATE\/UT":"MAHARASHTRA","DISTRICT":"GADCHIROLI","TOTAL":981},{"level_0":567,"STATE\/UT":"MADHYA PRADESH","DISTRICT":"JABALPUR RLY.","TOTAL":975},{"level_0":568,"STATE\/UT":"PUNJAB","DISTRICT":"FAZILKA","TOTAL":962},{"level_0":569,"STATE\/UT":"HIMACHAL PRADESH","DISTRICT":"BILASPUR","TOTAL":960},{"level_0":570,"STATE\/UT":"CHHATTISGARH","DISTRICT":"BALRAMPUR","TOTAL":950},{"level_0":571,"STATE\/UT":"JHARKHAND","DISTRICT":"CHAIBASA","TOTAL":944},{"level_0":572,"STATE\/UT":"JHARKHAND","DISTRICT":"PAKUR","TOTAL":933},{"level_0":573,"STATE\/UT":"JHARKHAND","DISTRICT":"GUMLA","TOTAL":933},{"level_0":574,"STATE\/UT":"ODISHA","DISTRICT":"NUAPADA","TOTAL":921},{"level_0":575,"STATE\/UT":"MEGHALAYA","DISTRICT":"KHASI HILLS EAST","TOTAL":917},{"level_0":576,"STATE\/UT":"ANDHRA PRADESH","DISTRICT":"SECUNDERABAD RLY.","TOTAL":916},{"level_0":577,"STATE\/UT":"MIZORAM","DISTRICT":"AIZAWL","TOTAL":905},{"level_0":578,"STATE\/UT":"UTTAR PRADESH","DISTRICT":"SONBHADRA","TOTAL":901},{"level_0":579,"STATE\/UT":"JHARKHAND","DISTRICT":"SARAIKELA","TOTAL":897},{"level_0":580,"STATE\/UT":"GUJARAT","DISTRICT":"PORBANDAR","TOTAL":896},{"level_0":581,"STATE\/UT":"HIMACHAL PRADESH","DISTRICT":"UNA","TOTAL":895},{"level_0":582,"STATE\/UT":"HIMACHAL PRADESH","DISTRICT":"SIRMAUR","TOTAL":866},{"level_0":583,"STATE\/UT":"BIHAR","DISTRICT":"ARWAL","TOTAL":858},{"level_0":584,"STATE\/UT":"HIMACHAL PRADESH","DISTRICT":"HAMIRPUR","TOTAL":856},{"level_0":585,"STATE\/UT":"JHARKHAND","DISTRICT":"JAMTARA","TOTAL":850},{"level_0":586,"STATE\/UT":"UTTAR PRADESH","DISTRICT":"HAMIRPUR","TOTAL":848},{"level_0":587,"STATE\/UT":"ODISHA","DISTRICT":"KANDHAMAL","TOTAL":841},{"level_0":588,"STATE\/UT":"PUNJAB","DISTRICT":"GURDASPUR","TOTAL":840},{"level_0":589,"STATE\/UT":"JAMMU & KASHMIR","DISTRICT":"POONCH","TOTAL":839},{"level_0":590,"STATE\/UT":"DELHI UT","DISTRICT":"GRP(RLY)","TOTAL":837},{"level_0":591,"STATE\/UT":"PUNJAB","DISTRICT":"KHANNA","TOTAL":834},{"level_0":592,"STATE\/UT":"CHHATTISGARH","DISTRICT":"GARIYABAND","TOTAL":831},{"level_0":593,"STATE\/UT":"PUNJAB","DISTRICT":"LUDHIANA RURAL","TOTAL":829},{"level_0":594,"STATE\/UT":"ASSAM","DISTRICT":"KARBI ANGLONG","TOTAL":824},{"level_0":595,"STATE\/UT":"PUNJAB","DISTRICT":"MUKTSAR","TOTAL":821},{"level_0":596,"STATE\/UT":"ASSAM","DISTRICT":"UDALGURI","TOTAL":815},{"level_0":597,"STATE\/UT":"MAHARASHTRA","DISTRICT":"SINDHUDURG","TOTAL":803},{"level_0":598,"STATE\/UT":"JAMMU & KASHMIR","DISTRICT":"KUPWARA","TOTAL":796},{"level_0":599,"STATE\/UT":"GUJARAT","DISTRICT":"TAPI","TOTAL":792},{"level_0":600,"STATE\/UT":"UTTAR PRADESH","DISTRICT":"MAHOBA","TOTAL":791},{"level_0":601,"STATE\/UT":"RAJASTHAN","DISTRICT":"G.R.P.AJMER","TOTAL":788},{"level_0":602,"STATE\/UT":"PUDUCHERRY","DISTRICT":"KARAIKAL","TOTAL":787},{"level_0":603,"STATE\/UT":"UTTAR PRADESH","DISTRICT":"CHITRAKOOT DHAM","TOTAL":780},{"level_0":604,"STATE\/UT":"HIMACHAL PRADESH","DISTRICT":"SOLAN","TOTAL":778},{"level_0":605,"STATE\/UT":"JAMMU & KASHMIR","DISTRICT":"KULGAM","TOTAL":775},{"level_0":606,"STATE\/UT":"UTTAR PRADESH","DISTRICT":"MIRZAPUR","TOTAL":775},{"level_0":607,"STATE\/UT":"TRIPURA","DISTRICT":"SOUTH","TOTAL":774},{"level_0":608,"STATE\/UT":"PUNJAB","DISTRICT":"FARIDKOT","TOTAL":771},{"level_0":609,"STATE\/UT":"PUNJAB","DISTRICT":"FATEHGARH SAHIB","TOTAL":767},{"level_0":610,"STATE\/UT":"JAMMU & KASHMIR","DISTRICT":"RAMBAN","TOTAL":761},{"level_0":611,"STATE\/UT":"JAMMU & KASHMIR","DISTRICT":"SAMBA","TOTAL":741},{"level_0":612,"STATE\/UT":"UTTARAKHAND","DISTRICT":"NAINITAL","TOTAL":740},{"level_0":613,"STATE\/UT":"UTTAR PRADESH","DISTRICT":"SANT KABIRNAGAR","TOTAL":736},{"level_0":614,"STATE\/UT":"ANDHRA PRADESH","DISTRICT":"VIJAYAWADA RLY.","TOTAL":732},{"level_0":615,"STATE\/UT":"JAMMU & KASHMIR","DISTRICT":"DODA","TOTAL":724},{"level_0":616,"STATE\/UT":"HIMACHAL PRADESH","DISTRICT":"KULLU","TOTAL":719},{"level_0":617,"STATE\/UT":"ASSAM","DISTRICT":"CHIRANG","TOTAL":718},{"level_0":618,"STATE\/UT":"WEST BENGAL","DISTRICT":"JHARGRAM","TOTAL":711},{"level_0":619,"STATE\/UT":"MANIPUR","DISTRICT":"IMPHAL EAST","TOTAL":709},{"level_0":620,"STATE\/UT":"UTTAR PRADESH","DISTRICT":"SIDHARTHNAGAR","TOTAL":707},{"level_0":621,"STATE\/UT":"PUNJAB","DISTRICT":"SBS NAGAR","TOTAL":704},{"level_0":622,"STATE\/UT":"ODISHA","DISTRICT":"SRP(CUTTACK)","TOTAL":700},{"level_0":623,"STATE\/UT":"UTTAR PRADESH","DISTRICT":"LALITPUR","TOTAL":697},{"level_0":624,"STATE\/UT":"MANIPUR","DISTRICT":"THOUBAL","TOTAL":691},{"level_0":625,"STATE\/UT":"PUNJAB","DISTRICT":"BARNALA","TOTAL":688},{"level_0":626,"STATE\/UT":"JAMMU & KASHMIR","DISTRICT":"REASI","TOTAL":677},{"level_0":627,"STATE\/UT":"GUJARAT","DISTRICT":"NARMADA","TOTAL":674},{"level_0":628,"STATE\/UT":"ASSAM","DISTRICT":"BAKSA","TOTAL":664},{"level_0":629,"STATE\/UT":"ODISHA","DISTRICT":"BOUDH","TOTAL":660},{"level_0":630,"STATE\/UT":"WEST BENGAL","DISTRICT":"SEALDAH G.R.P.","TOTAL":657},{"level_0":631,"STATE\/UT":"PUNJAB","DISTRICT":"MANSA","TOTAL":650},{"level_0":632,"STATE\/UT":"KARNATAKA","DISTRICT":"RAILWAYS","TOTAL":649},{"level_0":633,"STATE\/UT":"JAMMU & KASHMIR","DISTRICT":"SOPORE","TOTAL":646},{"level_0":634,"STATE\/UT":"BIHAR","DISTRICT":"SHEOHAR","TOTAL":603},{"level_0":635,"STATE\/UT":"UTTAR PRADESH","DISTRICT":"BALRAMPUR","TOTAL":586},{"level_0":636,"STATE\/UT":"ODISHA","DISTRICT":"SONEPUR","TOTAL":559},{"level_0":637,"STATE\/UT":"TAMIL NADU","DISTRICT":"CHENNAI RLY.","TOTAL":558},{"level_0":638,"STATE\/UT":"HIMACHAL PRADESH","DISTRICT":"CHAMBA","TOTAL":557},{"level_0":639,"STATE\/UT":"UTTAR PRADESH","DISTRICT":"SHRAWASTI","TOTAL":553},{"level_0":640,"STATE\/UT":"BIHAR","DISTRICT":"MUZAFFARPUR RLY.","TOTAL":553},{"level_0":641,"STATE\/UT":"TRIPURA","DISTRICT":"NORTH","TOTAL":553},{"level_0":642,"STATE\/UT":"A & N ISLANDS","DISTRICT":"SOUTH","TOTAL":544},{"level_0":643,"STATE\/UT":"HIMACHAL PRADESH","DISTRICT":"BADDIPOLICEDIST","TOTAL":543},{"level_0":644,"STATE\/UT":"GUJARAT","DISTRICT":"W.RLY VADODARA","TOTAL":539},{"level_0":645,"STATE\/UT":"JAMMU & KASHMIR","DISTRICT":"BANDIPORA","TOTAL":537},{"level_0":646,"STATE\/UT":"CHHATTISGARH","DISTRICT":"KONDAGAON","TOTAL":537},{"level_0":647,"STATE\/UT":"TRIPURA","DISTRICT":"UNAKOTI","TOTAL":533},{"level_0":648,"STATE\/UT":"JAMMU & KASHMIR","DISTRICT":"GANDERBAL","TOTAL":529},{"level_0":649,"STATE\/UT":"JHARKHAND","DISTRICT":"LATEHAR","TOTAL":527},{"level_0":650,"STATE\/UT":"JAMMU & KASHMIR","DISTRICT":"SHOPIAN","TOTAL":525},{"level_0":651,"STATE\/UT":"NAGALAND","DISTRICT":"DIMAPUR","TOTAL":524},{"level_0":652,"STATE\/UT":"ASSAM","DISTRICT":"G.R.P.","TOTAL":511},{"level_0":653,"STATE\/UT":"ARUNACHAL PRADESH","DISTRICT":"PAPUM PARE","TOTAL":505},{"level_0":654,"STATE\/UT":"ODISHA","DISTRICT":"MALKANGIR","TOTAL":502},{"level_0":655,"STATE\/UT":"WEST BENGAL","DISTRICT":"HOWRAH G.R.P.","TOTAL":499},{"level_0":656,"STATE\/UT":"JAMMU & KASHMIR","DISTRICT":"HANDWARA","TOTAL":482},{"level_0":657,"STATE\/UT":"ODISHA","DISTRICT":"DEOGARH","TOTAL":473},{"level_0":658,"STATE\/UT":"PUNJAB","DISTRICT":"PATHANKOT","TOTAL":472},{"level_0":659,"STATE\/UT":"MEGHALAYA","DISTRICT":"GARO HILLS WEST","TOTAL":471},{"level_0":660,"STATE\/UT":"UTTAR PRADESH","DISTRICT":"ST.RAVIDASNAGAR","TOTAL":466},{"level_0":661,"STATE\/UT":"JHARKHAND","DISTRICT":"SIMDEGA","TOTAL":456},{"level_0":662,"STATE\/UT":"ODISHA","DISTRICT":"SRP(ROURKELA)","TOTAL":454},{"level_0":663,"STATE\/UT":"JHARKHAND","DISTRICT":"LOHARDAGGA","TOTAL":451},{"level_0":664,"STATE\/UT":"MAHARASHTRA","DISTRICT":"PUNE RLY.","TOTAL":445},{"level_0":665,"STATE\/UT":"TRIPURA","DISTRICT":"DHALAI","TOTAL":443},{"level_0":666,"STATE\/UT":"JAMMU & KASHMIR","DISTRICT":"PULWAMA","TOTAL":435},{"level_0":667,"STATE\/UT":"MADHYA PRADESH","DISTRICT":"INDORE RLY.","TOTAL":427},{"level_0":668,"STATE\/UT":"TRIPURA","DISTRICT":"KHOWAI","TOTAL":423},{"level_0":669,"STATE\/UT":"JAMMU & KASHMIR","DISTRICT":"KISHTWAR","TOTAL":422},{"level_0":670,"STATE\/UT":"ODISHA","DISTRICT":"GAJAPATI","TOTAL":397},{"level_0":671,"STATE\/UT":"MEGHALAYA","DISTRICT":"JAINTIA HILLS","TOTAL":395},{"level_0":672,"STATE\/UT":"DELHI UT","DISTRICT":"IGI AIRPORT","TOTAL":382},{"level_0":673,"STATE\/UT":"JHARKHAND","DISTRICT":"DHANBAD RLY.","TOTAL":380},{"level_0":674,"STATE\/UT":"JHARKHAND","DISTRICT":"KHUNTI","TOTAL":377},{"level_0":675,"STATE\/UT":"JAMMU & KASHMIR","DISTRICT":"AWANTIPORA","TOTAL":372},{"level_0":676,"STATE\/UT":"CHHATTISGARH","DISTRICT":"DANTEWARA","TOTAL":360},{"level_0":677,"STATE\/UT":"PUNJAB","DISTRICT":"G.R.P","TOTAL":359},{"level_0":678,"STATE\/UT":"KERALA","DISTRICT":"RAILWAYS","TOTAL":348},{"level_0":679,"STATE\/UT":"GUJARAT","DISTRICT":"W.RLY AHMEDABAD","TOTAL":344},{"level_0":680,"STATE\/UT":"ANDHRA PRADESH","DISTRICT":"GUNTAKAL RLY.","TOTAL":339},{"level_0":681,"STATE\/UT":"D & N HAVELI","DISTRICT":"D and N HAVELI","TOTAL":318},{"level_0":682,"STATE\/UT":"BIHAR","DISTRICT":"KATIHAR RLY.","TOTAL":317},{"level_0":683,"STATE\/UT":"MANIPUR","DISTRICT":"BISHNUPUR","TOTAL":314},{"level_0":684,"STATE\/UT":"CHHATTISGARH","DISTRICT":"BIZAPUR","TOTAL":291},{"level_0":685,"STATE\/UT":"CHHATTISGARH","DISTRICT":"GRP RAIPUR","TOTAL":289},{"level_0":686,"STATE\/UT":"BIHAR","DISTRICT":"JAMALPUR RLY.","TOTAL":264},{"level_0":687,"STATE\/UT":"MEGHALAYA","DISTRICT":"RI-BHOI","TOTAL":257},{"level_0":688,"STATE\/UT":"UTTARAKHAND","DISTRICT":"PAURI GARHWAL","TOTAL":256},{"level_0":689,"STATE\/UT":"ASSAM","DISTRICT":"N.C.HILLS","TOTAL":249},{"level_0":690,"STATE\/UT":"WEST BENGAL","DISTRICT":"SILIGURI G.R.P.","TOTAL":248},{"level_0":691,"STATE\/UT":"MIZORAM","DISTRICT":"CHAMPHAI","TOTAL":230},{"level_0":692,"STATE\/UT":"ARUNACHAL PRADESH","DISTRICT":"LOHIT","TOTAL":226},{"level_0":693,"STATE\/UT":"MEGHALAYA","DISTRICT":"KHASI HILLS WEST","TOTAL":224},{"level_0":694,"STATE\/UT":"ARUNACHAL PRADESH","DISTRICT":"CHANGLANG","TOTAL":223},{"level_0":695,"STATE\/UT":"ARUNACHAL PRADESH","DISTRICT":"SIANG WEST","TOTAL":218},{"level_0":696,"STATE\/UT":"TAMIL NADU","DISTRICT":"TRICHY RLY.","TOTAL":216},{"level_0":697,"STATE\/UT":"SIKKIM","DISTRICT":"EAST","TOTAL":209},{"level_0":698,"STATE\/UT":"GUJARAT","DISTRICT":"AHWA-DANG","TOTAL":209},{"level_0":699,"STATE\/UT":"JHARKHAND","DISTRICT":"JAMSHEDPUR RLY.","TOTAL":207},{"level_0":700,"STATE\/UT":"CHHATTISGARH","DISTRICT":"SUKMA","TOTAL":205},{"level_0":701,"STATE\/UT":"DAMAN & DIU","DISTRICT":"DAMAN","TOTAL":202},{"level_0":702,"STATE\/UT":"WEST BENGAL","DISTRICT":"KHARAGPUR G.R.P.","TOTAL":199},{"level_0":703,"STATE\/UT":"HIMACHAL PRADESH","DISTRICT":"KINNAUR","TOTAL":192},{"level_0":704,"STATE\/UT":"ARUNACHAL PRADESH","DISTRICT":"TIRAP","TOTAL":187},{"level_0":705,"STATE\/UT":"CHHATTISGARH","DISTRICT":"NARAYANPUR","TOTAL":186},{"level_0":706,"STATE\/UT":"JAMMU & KASHMIR","DISTRICT":"LEH","TOTAL":180},{"level_0":707,"STATE\/UT":"NAGALAND","DISTRICT":"KOHIMA","TOTAL":178},{"level_0":708,"STATE\/UT":"DELHI UT","DISTRICT":"CAW","TOTAL":178},{"level_0":709,"STATE\/UT":"MANIPUR","DISTRICT":"SENAPATI","TOTAL":176},{"level_0":710,"STATE\/UT":"MIZORAM","DISTRICT":"KOLASIB","TOTAL":173},{"level_0":711,"STATE\/UT":"ARUNACHAL PRADESH","DISTRICT":"SIANG EAST","TOTAL":170},{"level_0":712,"STATE\/UT":"ARUNACHAL PRADESH","DISTRICT":"SUBANSIRI UPPER","TOTAL":168},{"level_0":713,"STATE\/UT":"SIKKIM","DISTRICT":"SOUTH","TOTAL":165},{"level_0":714,"STATE\/UT":"ASSAM","DISTRICT":"HAMREN","TOTAL":150},{"level_0":715,"STATE\/UT":"UTTARAKHAND","DISTRICT":"ALMORA","TOTAL":150},{"level_0":716,"STATE\/UT":"MEGHALAYA","DISTRICT":"GARO HILLS EAST","TOTAL":147},{"level_0":717,"STATE\/UT":"MEGHALAYA","DISTRICT":"GARO HILLS SOUTH","TOTAL":146},{"level_0":718,"STATE\/UT":"MIZORAM","DISTRICT":"LUNGLEI","TOTAL":142},{"level_0":719,"STATE\/UT":"ARUNACHAL PRADESH","DISTRICT":"KAMENG EAST","TOTAL":140},{"level_0":720,"STATE\/UT":"ARUNACHAL PRADESH","DISTRICT":"SUBANSIRI LOWER","TOTAL":136},{"level_0":721,"STATE\/UT":"RAJASTHAN","DISTRICT":"G.R.P.JODHPUR","TOTAL":131},{"level_0":722,"STATE\/UT":"DELHI UT","DISTRICT":"EOW","TOTAL":124},{"level_0":723,"STATE\/UT":"SIKKIM","DISTRICT":"WEST","TOTAL":123},{"level_0":724,"STATE\/UT":"MANIPUR","DISTRICT":"CHURACHANDPUR","TOTAL":120},{"level_0":725,"STATE\/UT":"A & N ISLANDS","DISTRICT":"NORTH","TOTAL":115},{"level_0":726,"STATE\/UT":"ARUNACHAL PRADESH","DISTRICT":"KAMENG WEST","TOTAL":112},{"level_0":727,"STATE\/UT":"UTTARAKHAND","DISTRICT":"RUDRA PRAYAG","TOTAL":111},{"level_0":728,"STATE\/UT":"JAMMU & KASHMIR","DISTRICT":"KARGIL","TOTAL":107},{"level_0":729,"STATE\/UT":"ARUNACHAL PRADESH","DISTRICT":"RURAL","TOTAL":104},{"level_0":730,"STATE\/UT":"UTTARAKHAND","DISTRICT":"PITHORAGARH","TOTAL":103},{"level_0":731,"STATE\/UT":"UTTARAKHAND","DISTRICT":"TEHRI GARHWAL","TOTAL":101},{"level_0":732,"STATE\/UT":"ASSAM","DISTRICT":"R.P.O.","TOTAL":100},{"level_0":733,"STATE\/UT":"HIMACHAL PRADESH","DISTRICT":"LAHAUL-SPITI","TOTAL":100},{"level_0":734,"STATE\/UT":"MANIPUR","DISTRICT":"UKHRUL","TOTAL":99},{"level_0":735,"STATE\/UT":"DELHI UT","DISTRICT":"CRIME BRANCH","TOTAL":90},{"level_0":736,"STATE\/UT":"MIZORAM","DISTRICT":"LAWNGTLAI","TOTAL":89},{"level_0":737,"STATE\/UT":"UTTARAKHAND","DISTRICT":"CHAMPAWAT","TOTAL":85},{"level_0":738,"STATE\/UT":"MIZORAM","DISTRICT":"SERCHHIP","TOTAL":82},{"level_0":739,"STATE\/UT":"MIZORAM","DISTRICT":"MAMIT","TOTAL":80},{"level_0":740,"STATE\/UT":"ARUNACHAL PRADESH","DISTRICT":"DIBANG VALLEY","TOTAL":78},{"level_0":741,"STATE\/UT":"UTTARAKHAND","DISTRICT":"BAGESHWAR","TOTAL":74},{"level_0":742,"STATE\/UT":"UTTARAKHAND","DISTRICT":"CHAMOLI","TOTAL":74},{"level_0":743,"STATE\/UT":"MANIPUR","DISTRICT":"TAMENGLONG","TOTAL":73},{"level_0":744,"STATE\/UT":"UTTARAKHAND","DISTRICT":"UTTARKASHI","TOTAL":72},{"level_0":745,"STATE\/UT":"MANIPUR","DISTRICT":"CHANDEL","TOTAL":68},{"level_0":746,"STATE\/UT":"NAGALAND","DISTRICT":"ZUNHEBOTO","TOTAL":66},{"level_0":747,"STATE\/UT":"MIZORAM","DISTRICT":"SAIHA","TOTAL":65},{"level_0":748,"STATE\/UT":"ASSAM","DISTRICT":"C.I.D.","TOTAL":65},{"level_0":749,"STATE\/UT":"NAGALAND","DISTRICT":"MON","TOTAL":62},{"level_0":750,"STATE\/UT":"NAGALAND","DISTRICT":"MOKOKCHUNG","TOTAL":61},{"level_0":751,"STATE\/UT":"LAKSHADWEEP","DISTRICT":"LAKSHADWEEP","TOTAL":60},{"level_0":752,"STATE\/UT":"NAGALAND","DISTRICT":"WOKHA","TOTAL":59},{"level_0":753,"STATE\/UT":"ARUNACHAL PRADESH","DISTRICT":"SIANG UPPER","TOTAL":51},{"level_0":754,"STATE\/UT":"ARUNACHAL PRADESH","DISTRICT":"TAWANG","TOTAL":46},{"level_0":755,"STATE\/UT":"NAGALAND","DISTRICT":"TUENSANG","TOTAL":44},{"level_0":756,"STATE\/UT":"NAGALAND","DISTRICT":"PHEK","TOTAL":43},{"level_0":757,"STATE\/UT":"DAMAN & DIU","DISTRICT":"DIU","TOTAL":37},{"level_0":758,"STATE\/UT":"SIKKIM","DISTRICT":"NORTH","TOTAL":31},{"level_0":759,"STATE\/UT":"JAMMU & KASHMIR","DISTRICT":"CRIME SRINAGAR","TOTAL":31},{"level_0":760,"STATE\/UT":"NAGALAND","DISTRICT":"PEREN","TOTAL":29},{"level_0":761,"STATE\/UT":"ARUNACHAL PRADESH","DISTRICT":"K\/KUMEY","TOTAL":29},{"level_0":762,"STATE\/UT":"A & N ISLANDS","DISTRICT":"CAR","TOTAL":24},{"level_0":763,"STATE\/UT":"JAMMU & KASHMIR","DISTRICT":"RAILWAYS KASHMIR","TOTAL":16},{"level_0":764,"STATE\/UT":"ASSAM","DISTRICT":"BIEO","TOTAL":16},{"level_0":765,"STATE\/UT":"ARUNACHAL PRADESH","DISTRICT":"ANJAW","TOTAL":15},{"level_0":766,"STATE\/UT":"GUJARAT","DISTRICT":"CID CRIME","TOTAL":15},{"level_0":767,"STATE\/UT":"JAMMU & KASHMIR","DISTRICT":"RAILWAYS JAMMU","TOTAL":14},{"level_0":768,"STATE\/UT":"HIMACHAL PRADESH","DISTRICT":"G.R.P.","TOTAL":13},{"level_0":769,"STATE\/UT":"NAGALAND","DISTRICT":"LONGLENG","TOTAL":13},{"level_0":770,"STATE\/UT":"ARUNACHAL PRADESH","DISTRICT":"UPPER DIBANG VALLEY","TOTAL":12},{"level_0":771,"STATE\/UT":"JAMMU & KASHMIR","DISTRICT":"CRIME JAMMU","TOTAL":12},{"level_0":772,"STATE\/UT":"NAGALAND","DISTRICT":"KIPHIRE","TOTAL":11},{"level_0":773,"STATE\/UT":"TRIPURA","DISTRICT":"GRP","TOTAL":10},{"level_0":774,"STATE\/UT":"DELHI UT","DISTRICT":"STF","TOTAL":6},{"level_0":775,"STATE\/UT":"HIMACHAL PRADESH","DISTRICT":"CID","TOTAL":5},{"level_0":776,"STATE\/UT":"JAMMU & KASHMIR","DISTRICT":"RAILWAYS KATRA","TOTAL":2},{"level_0":777,"STATE\/UT":"MANIPUR","DISTRICT":"CID","TOTAL":2}]