news,link,city,lat
Conman posing as sadhu dupes jeweller's wife of valuables worth Rs 1.75 crore in Rishikesh,https://www.indiatoday.in/crime/story/conman-posing-sadhu-dupes-jeweller-wife-1-75-crore-1826960-2021-07-12, Rishikesh,"(30.1086537, 78.2916193)"
"Andhra man who longed for a son kills 2-year-old daughter, injures another",https://www.indiatoday.in/crime/story/andhra-pradesh-man-kills-daughter-crime-1826844-2021-07-12, New Delhi,"(28.6138954, 77.2090057)"
Teen booked for assaulting 4-year-old boy in UP village,https://www.indiatoday.in/crime/story/teen-booked-sexually-assaulting-boy-child-abuse-uttar-pradesh-1826571-2021-07-11, New Delhi,"(28.6138954, 77.2090057)"
"BJP MLA threatens to kill SP candidate's husband in UP's Lakhimpur Kheri, video viral",https://www.indiatoday.in/crime/story/bjp-mla-threatens-kill-samajwadi-party-candidate-husband-up-block-panchayat-polls-1826561-2021-07-11, Lucknow,"(26.8381, 80.9346001)"
"Death sentence for Maharashtra man who killed mother, fried and ate her body parts",https://www.indiatoday.in/law/story/death-sentence-maharashtra-man-killed-mother-fried-ate-body-parts-1826525-2021-07-11, Mumbai,"(19.0759899, 72.8773928)"
"Minor gang-raped in UP’s Shahjahanpur, video shared on social media",https://www.indiatoday.in/crime/story/minor-gang-raped-in-up-s-shahjahanpur-video-shared-on-social-media-1826021-2021-07-09, Mumbai,"(19.0759899, 72.8773928)"
Mumbai bus conductor gets 1 year in jail for asking schoolgirl about sex,https://www.indiatoday.in/cities/mumbai/story/mumbai-bus-conductor-year-jail-asking-schoolgirl-about-sex-1826013-2021-07-09, Mumbai,"(19.0759899, 72.8773928)"
Telangana: Woman hangs herself after killing two daughters,https://www.indiatoday.in/crime/story/telangana-woman-hangs-self-kills-two-daughters-1825771-2021-07-09, New Delhi,"(28.6138954, 77.2090057)"
Man kills lover's sister-in-law in Ghaziabad as her parents fix her marriage with someone else,https://www.indiatoday.in/crime/story/man-kills-lover-sister-ghaziabad-parents-marriage-someone-else-1825764-2021-07-09, Ghaziabad,"(28.711241, 77.4445372)"
"Caught on cam: Four armed men hold family hostage in Delhi, loot cash, jewellery",https://www.indiatoday.in/crime/video/caught-on-cam-four-armed-men-hold-family-hostage-in-delhi-loot-cash-jewellery-1825566-2021-07-08, Ghaziabad,"(28.711241, 77.4445372)"
"Nagaland man borrows pistol to woo girlfriend, unimpressed locals get him arrested",https://www.indiatoday.in/crime/story/nagaland-man-borrows-pistol-to-woo-girlfriend-arrested-1825487-2021-07-08, Dimapur,"(25.9136459, 93.7283456)"
"Kerala girl raped as minor, accused arrested after 2 years",https://www.indiatoday.in/crime/story/kerala-girl-raped-as-minor-accused-arrested-after-2-years-1825475-2021-07-08, Thiruvananthapuram,"(8.576970549999999, 77.05012463730725)"
Kerala: Youth accused of raping minor in Idukki sent to 14-day police custody,https://www.indiatoday.in/crime/story/kerala-minor-girl-rape-idukki-1825466-2021-07-08, Kochi,"(9.931308, 76.2674136)"
"'Take her home or she'd be killed': Ludhiana woman burnt to death, father alleges harassment over dowry",https://www.indiatoday.in/crime/story/-take-her-home-or-she-d-be-killed-ludhiana-woman-burnt-death-father-harassment-dowry-1825398-2021-07-08, New Delhi,"(28.6138954, 77.2090057)"
Kerala: Two held for raping mentally-ill woman inside parked bus,https://www.indiatoday.in/crime/story/kerala-kozhikode-mentally-ill-woman-rape-parked-bus-1825380-2021-07-08, New Delhi,"(28.6138954, 77.2090057)"
"Robbers pose as electricians, loot Delhi property dealer of cash and valuables worth lakhs",https://www.indiatoday.in/cities/delhi/story/robbers-pose-as-electricians-loot-delhi-property-dealer-1825354-2021-07-08, Delhi,"(28.6517178, 77.2219388)"
"Woman gang-raped at Kolkata flat, robbed of Rs 15 lakh cash",https://www.indiatoday.in/cities/kolkata/story/woman-gang-raped-kolkata-flat-robbed-of-rs-15-lakh-cash-1825293-2021-07-08, Kolkata,"(22.5726723, 88.3638815)"
"Man who stoned father to death, now tries to kill mother for money in Tamil Nadu's Mangadu",https://www.indiatoday.in/crime/story/man-stoned-father-death-tries-kill-mother-money-tamil-nadu-chennai-mangadu-1824903-2021-07-07, Chennai,"(13.0836939, 80.270186)"
"Tamil Nadu woman ends lives of her 2 children, self after fight with alcoholic husband",https://www.indiatoday.in/crime/story/tamil-nadu-woman-ends-lives-2-children-self-fight-alcoholic-husband-1824882-2021-07-07, Erode,"(11.369204400000001, 77.67662686841793)"
Wife of late Union minister P Rangarajan Kumaramangalam murdered in Delhi,https://www.indiatoday.in/cities/delhi/story/wife-union-minister-rangarajan-kumaramangalam-murdered-in-delhi-1824786-2021-07-07, New Delhi,"(28.6138954, 77.2090057)"
"MP: Thief steals valuables from cop’s home, leaves apology letter behind",https://www.indiatoday.in/crime/story/thief-steals-valuables-from-cop-home-leaves-apology-letter-1824766-2021-07-07, Bhind,"(26.5, 78.75)"
"Odisha man thrashed, forced to drink urine on suspicion of practising sorcery; 3 held",https://www.indiatoday.in/crime/story/odisha-man-thrashed-drink-urine-sorcery-1824459-2021-07-06, Bhubaneswar,"(20.2667774, 85.8435592)"
"Inspired by film 'Drishyam', Delhi man stages attack on self to implicate neighbour",https://www.indiatoday.in/cities/delhi/story/delhi-man-drishyam-attack-on-self-implicate-neighbour-1824349-2021-07-06, New Delhi,"(28.6138954, 77.2090057)"
"Gujarat woman, brother-in-law kill minor son to hide affair; arrested",https://www.indiatoday.in/cities/ahmedabad/story/gujarat-woman-brother-in-law-kill-minor-son-hide-affair-1823910-2021-07-05, Ahmedabad,"(23.0216238, 72.5797068)"
Delhi bag snatching incident: Elderly woman dragged by miscreants in Chittaranjan Park area,https://www.indiatoday.in/crime/video/elderly-woman-dragged-road-south-delhi-chittaranjan-park-area-1823718-2021-07-04, Ahmedabad,"(23.0216238, 72.5797068)"
"Punjab man attacks family of daughter's lover; 4 dead, 2 injured",https://www.indiatoday.in/crime/story/punjab-man-attacks-family-of-daughter-s-lover-4-dead-2-injured-1823740-2021-07-04, Chandigarh,"(30.7334421, 76.7797143)"
2 MP women beaten up with sticks for chatting on phone with male cousins,https://www.indiatoday.in/crime/story/2-mp-girls-beaten-sticks-relatives-talking-boys-1823703-2021-07-04, Dhar,"(22.5, 75.25)"
Woman assaulted for resisting molestation bid in Maharashtra's Thane; 11 arrested,https://www.indiatoday.in/crime/story/11-people-arrested-for-molesting-woman-in-maharashtra-s-kolsewadi-area-1823530-2021-07-03, Thane,"(19.1943294, 72.9701779)"
"Rape, murder accused shot while trying to flee from police custody in Assam’s Morigaon district",https://www.indiatoday.in/crime/story/rape-murder-accused-shot-while-trying-to-flee-from-police-custody-in-assam-s-morigaon-district-1823271-2021-07-03, Guwahati,"(26.1805978, 91.753943)"
Madurai NGO ‘sells off’ 1-year-old baby after orphaned family comes looking for shelter,https://www.indiatoday.in/crime/story/madurai-ngo-sells-baby-to-couple-1821578-2021-07-01, Madurai,"(9.9261153, 78.1140983)"
"Minor sisters hack to death drunkard, abusive father as he tries to kill ailing wife",https://www.indiatoday.in/crime/story/chhattisgarh-minor-sisters-hack-kill-father-with-axe-1821514-2021-07-01, Raipur,"(21.2379469, 81.6336833)"
"Rajasthan man ties wife with chains for 3 months over suspicion of affair, arrested",https://www.indiatoday.in/crime/story/rajasthan-police-rescue-woman-chained-husband-months-suspicion-affair-1821449-2021-07-01, Jaipur,"(26.9154576, 75.8189817)"
"Minor gang-raped in UP's Sultanpur, stepsister among 3 held",https://www.indiatoday.in/crime/story/minor-girl-gang-raped-in-up-3-held-1821413-2021-07-01, Sultanpur,"(26.242510850000002, 82.29616931685918)"
"PhD scholar, former DU student held for stealing luxury cars, selling them in Manipur ",https://www.indiatoday.in/cities/story/phd-scholar-former-du-student-held-for-stealing-luxury-cars-selling-them-in-manipur-1821357-2021-06-30, New Delhi,"(28.6138954, 77.2090057)"
Woman trapped inside Meghalaya bank for 3 days as robbery attempt goes awry,https://www.indiatoday.in/crime/story/woman-trapped-inside-meghalaya-bank-robbery-gone-wrong-1821025-2021-06-30, Shillong,"(25.5760446, 91.8825282)"
"Hyderabad: Speedy Audi car rams into auto, kills passenger in auto",https://www.indiatoday.in/india/video/hyderabad-speedy-audi-car-rams-into-auto-kills-passenger-in-auto-1820640-2021-06-29, Shillong,"(25.5760446, 91.8825282)"
"Dog tied to scooty, dragged on road in Punjab's Patiala",https://www.indiatoday.in/crime/story/dog-tied-to-scooty-dragged-on-road-punjab-patiala-1820247-2021-06-28, Patiala,"(30.2090874, 76.3398720856221)"
Three dead after being given poison in guise of Covid cure pills; 2 arrested,https://www.indiatoday.in/crime/story/3-dead-poison-disguised-as-covid-cure-pills-erode-1820169-2021-06-28, Erode,"(11.369204400000001, 77.67662686841793)"
"Nashik Police busts rave party at Igatpuri villas; actors, choreographers detained",https://www.indiatoday.in/crime/story/nashik-police-busts-rave-party-at-igatpuri-villas-actors-choreographers-detained-1820039-2021-06-27, Mumbai,"(19.0759899, 72.8773928)"
Rajasthan girl gangraped after father forces her into prostitution,https://www.indiatoday.in/crime/story/rajasthan-girl-gangraped-after-father-forces-her-into-prostitution-1819975-2021-06-27, Jodhpur,"(26.2967719, 73.0351433)"
Killer’s slip-up helps Chattisgarh police crack murder case after 10 years,https://www.indiatoday.in/crime/story/killer-slip-up-helps-chattisgarh-police-crack-murder-case-after-10-years-1819972-2021-06-27, New Delhi,"(28.6138954, 77.2090057)"
"Awaiting trial under POCSO for over two years in prison, labourer pleads guilty",https://www.indiatoday.in/crime/story/awaiting-trial-under-pocso-for-over-two-years-in-prison-labourer-pleads-guilty-1819355-2021-06-25, Mumbai,"(19.0759899, 72.8773928)"
"Imam castrated, killed by wife for planning another marriage",https://www.indiatoday.in/crime/story/imam-castrated-killed-by-wife-for-planning-another-marriage-1819318-2021-06-25, Muzzafarnagar,"(29.3549973, 77.8281109)"
"Doctor booked for conducting sex determination tests, absconding",https://www.indiatoday.in/crime/story/doctor-booked-for-conducting-sex-determination-tests-absconding-1819260-2021-06-25, Muzaffarnagar,"(29.44800635, 77.74068502568672)"
Delhi: 23-year-old man shot dead in suspected honour killing,https://www.indiatoday.in/india/video/23-year-old-man-shot-dead-in-suspected-honour-killing-1819220-2021-06-25, Muzaffarnagar,"(29.44800635, 77.74068502568672)"
"UP man marries woman after faking identity, forces her to convert, rapes daughter",https://www.indiatoday.in/cities/lucknow/story/uttar-pradesh-lucknow-man-marries-woman-faking-identity-forces-convert-rapes-daughter-1819130-2021-06-25, Lucknow,"(26.8381, 80.9346001)"
"Village sarpanch tries to marry off grandson with local girl, her kin thrashes, abducts him",https://www.indiatoday.in/crime/story/village-sarpanch-marry-off-grandson-local-girl-her-kin-thrashes-abducts-him-1819081-2021-06-25, Neemuch,"(24.63044655, 75.18339614635457)"
"Delhi: Man killed, wife shot at five times in suspected case of honour killing",https://www.indiatoday.in/cities/delhi/story/delhi-man-killed-wife-shot-at-five-times-in-suspected-case-of-honour-killing-1819078-2021-06-25, New Delhi,"(28.6138954, 77.2090057)"
Police arrests man for allegedly forcing wife to convert after marriage in Gujarat's Vadodara,https://www.indiatoday.in/crime/story/police-arrests-man-for-allegedly-forcing-wife-to-convert-after-marriage-in-gujarat-s-vadodara-1819013-2021-06-24, Vadodara,"(22.2973142, 73.1942567)"
Former cop arrested in Mumbai for smuggling 'whale vomit' worth Rs 7.75 crore,https://www.indiatoday.in/crime/story/former-cop-arrested-in-mumbai-for-smuggling-whale-vomit-worth-rs-7-75-crore-1818955-2021-06-24, Mumbai,"(19.0759899, 72.8773928)"
"State-level shooter duped of lakhs in Delhi, given currency-sized papers for phone, licenced pistol",https://www.indiatoday.in/cities/delhi/story/delhi-shooter-duped-lakhs-fake-currency-sized-papers-phone-licenced-air-pistol-1818809-2021-06-24, New Delhi,"(28.6138954, 77.2090057)"
Family sells minor for Rs 1.55 lakh in MP after she elopes with brother-in-law,https://www.indiatoday.in/crime/story/minor-sold-lakh-madhya-pradesh-elopes-brother-in-law-gujarat-1818758-2021-06-24, Bhopal,"(23.2584857, 77.401989)"
"After 4 die of suffocation, 6 from victims' family arrested for manufacture of illicit liquor",https://www.indiatoday.in/crime/story/suffocation-deaths-victims-family-arrested-manufacture-illicit-liquor-1818732-2021-06-24, Bareilly,"(28.457876, 79.40557093743058)"
Delhi Police arrests two people over cheating in separate incidents,https://www.indiatoday.in/crime/story/delhi-police-arrests-two-people-over-cheating-in-separate-incidents-1818559-2021-06-23, Delhi,"(28.6517178, 77.2219388)"
"Tamil Nadu cops, on duty to stop people from crossing district border, thrash man in Salem",https://www.indiatoday.in/crime/story/tamil-nadu-cops-duty-stop-district-border-thrash-salem-1818426-2021-06-23, Salem,"(11.6612012, 78.1602498)"
"Tamil Nadu man visits girlfriend's home on hearing of her marriage, beaten to death",https://www.indiatoday.in/crime/story/tamil-nadu-man-girlfriend-home-hearing-marriage-beaten-death-1818372-2021-06-23, Dindigul,"(10.3303299, 78.0673979084697)"
"Ludhiana shocker: 9-year-old girl murdered by mother, step-father for insurance payout",https://www.indiatoday.in/cities/story/ludhiana-girl-murdered-by-mother-step-father-for-insurance-money-1818312-2021-06-23, New Delhi,"(28.6138954, 77.2090057)"
Bhopal man arrested for raping daughter for over 3 years,https://www.indiatoday.in/cities/bhopal/story/bhopal-man-arrested-raped-daughter-for-three-years-1818251-2021-06-23, Bhopal,"(23.2584857, 77.401989)"
"UP: Man accused of raping toddler tries to flee, shot in leg by police",https://www.indiatoday.in/crime/story/up-bahraich-minor-rape-accused-shot-in-leg-police-1818034-2021-06-22, Bahraich,"(27.7336958, 81.47732127661058)"
"Relatives thrash UP woman, shave her head for interfaith marriage",https://www.indiatoday.in/crime/story/up-woman-interfaith-marriage-thrashed-barabanki-1817997-2021-06-22, Barabanki,"(26.93823105, 81.38609761204991)"
NCB seizes over 2 tonnes of marijuana hidden inside truck near Hyderabad,https://www.indiatoday.in/india/story/ncb-seizes-2-tonnes-marijuana-hyderabad-bengaluru-1817733-2021-06-22, Bengaluru | Hyderabad,"(15.8147021, 78.0265024)"
Pune: Woman files case against husband after he gets 13-year-old daughter married,https://www.indiatoday.in/crime/story/pune-woman-case-husband-child-marriage-daughter-1817543-2021-06-21, Pune,"(18.521428, 73.8544541)"
Karnataka priest among 5 held for trying to sacrifice 10-year-old girl to ‘ward off evil’ from field,https://www.indiatoday.in/crime/story/karnataka-priest-sacrifice-girl-bengaluru-crime-1817433-2021-06-21, New Delhi,"(28.6138954, 77.2090057)"
3 lynched in Tripura on suspicion of cattle theft: Police,https://www.indiatoday.in/crime/story/lynched-tripura-suspicion-cattle-theft-police-1817391-2021-06-21, Agartala,"(23.8312377, 91.2823821)"
Malda killings: Accused lured family into tunnel on pretext of clicking photos,https://www.indiatoday.in/crime/story/malda-killings-accused-lured-family-into-tunnel-on-pretext-of-clicking-photos-1817306-2021-06-21, Malda,"(25.0057449, 88.1398483)"
"MP woman googles how to commit murder, kills husband with lover’s help",https://www.indiatoday.in/crime/story/mp-woman-googles-how-to-commit-murder-kills-husband-1817282-2021-06-20, Harda,"(22.3388828, 77.0929933)"
"Bengal: Malda youth held for killing, burying four family members inside house",https://www.indiatoday.in/crime/story/west-bengal-malda-youth-held-murder-family-members-1817038-2021-06-19, Kolkata,"(22.5726723, 88.3638815)"
"Self-proclaimed baba, preparing for sixth marriage, arrested in Kanpur after wife foils plan",https://www.indiatoday.in/crime/story/fake-kanpur-baba-marriage-arrest-cheating-women-uttar-pradesh-1816828-2021-06-19, Kanpur,"(26.4609135, 80.3217588)"
"After parents’ death, man rapes minor sister for 3 years in Ahmedabad",https://www.indiatoday.in/crime/story/ahmedabad-after-parents-death-man-rapes-minor-sister-three-years-1816794-2021-06-19, Ahmedabad,"(23.0216238, 72.5797068)"
42-year-old man arrested for raping daughters multiple times in Mangaluru,https://www.indiatoday.in/crime/story/42-year-old-man-arrested-for-raping-daughters-multiple-times-in-mangaluru-1816786-2021-06-19, Mangalore,"(12.8698101, 74.8430082)"
"Woman-son murder case: Husband's body found, suicide suspected",https://www.indiatoday.in/india/story/woman-son-murder-case-husband-s-body-found-suicide-suspected-1816784-2021-06-19, Pune,"(18.521428, 73.8544541)"
"Tension in Tamil Nadu’s Tirunelveli after six assault Dalit youth, two Sri Lankan refugees ",https://www.indiatoday.in/crime/story/tension-tamil-nadu-tirunelveli-assault-dalit-sri-lankan-refugees-1816449-2021-06-18, Tirunelveli,"(8.7012203, 77.5792694)"
"Odisha man rapes 6-year-old on pretext of giving chocolate, kills her later",https://www.indiatoday.in/crime/story/odisha-man-rapes-kills-minor-on-pretext-of-giving-chocolate-1816325-2021-06-18, Nayagarh,"(20.1160666, 85.11195643843573)"
"Delhi: Couple sells newborn for Rs 3.6 lakh, 6 arrested",https://www.indiatoday.in/cities/delhi/story/delhi-couple-sells-newborn-lakh-arrested-uttar-pradesh-1816317-2021-06-18, New Delhi,"(28.6138954, 77.2090057)"
Delhi Police files FIR against Instagram accounts for promoting enmity between religions,https://www.indiatoday.in/cities/delhi/story/delhi-police-special-cell-fir-instagram-promoting-enmity-religions-1816166-2021-06-17, New Delhi,"(28.6138954, 77.2090057)"
Jharkhand shelter home case: Four arrested for sexual assault of minor girls,https://www.indiatoday.in/crime/story/jharkhand-shelter-home-case-four-arrested-sexual-assault-minor-girls-1815787-2021-06-17, Ranchi,"(23.3700354, 85.3250132)"
"Woman attendant alleges sexual harassment in Jamnagar's GG Hopsital, Gujarat CM orders probe",https://www.indiatoday.in/crime/story/woman-attendant-alleges-sexual-harassment-in-jamnagar-s-gg-hopsital-gujarat-cm-orders-probe-1815741-2021-06-16, Ahmedabad,"(23.0216238, 72.5797068)"
"Watch: Police nab 22-year-old for beating, robbing woman in Delhi's Sultanpuri",https://www.indiatoday.in/india/video/delhi-police-sultanpuri-robbery-cctv-1815593-2021-06-16, Ahmedabad,"(23.0216238, 72.5797068)"
"22-year-old beats, robs woman of her mobile phone in Delhi's Sultanpuri, arrested | Watch",https://www.indiatoday.in/cities/delhi/story/22-year-old-beats-robs-woman-her-mobile-phone-delhi-sultanpuri-arrested-watch-1815442-2021-06-16, New Delhi,"(28.6138954, 77.2090057)"
"Fiancé takes woman out for shopping, kills her five days before wedding",https://www.indiatoday.in/crime/story/moradabad-fiance-kills-woman-days-before-wedding-1815346-2021-06-16, Moradabad,"(28.8638424, 78.80577833091104)"
FIR against self-styled guru Shiv Shankar Baba provides detailed account of sexual abuse,https://www.indiatoday.in/crime/story/fir-shiv-shankar-baba-detailed-account-sexual-abuse-1815297-2021-06-16, Chennai,"(13.0836939, 80.270186)"
Bragging about his clout lands man in police net for murder in Maharashtra's Thane,https://www.indiatoday.in/crime/story/bragging-about-his-clout-lands-man-in-police-net-for-murder-in-maharashtra-s-thane-1815078-2021-06-15, Thane,"(19.1943294, 72.9701779)"
"Elderly woman sexually assaulted, dies after being stabbed multiple times in Delhi: Police",https://www.indiatoday.in/crime/story/elderly-woman-sexually-assaulted-stabbed-multiple-times-1814871-2021-06-15, New Delhi,"(28.6138954, 77.2090057)"
"Retired Mumbai cop opens fire on sons, one dies while other escapes with injuries",https://www.indiatoday.in/crime/story/retired-mumbai-cop-opens-fire-on-sons-one-killed-1814857-2021-06-15, Mumbai,"(19.0759899, 72.8773928)"
"Rajasthan: Rape accused, out on bail, arrested for killing victim",https://www.indiatoday.in/crime/story/rajasthan-rape-accused-out-on-bail-arrested-for-killing-victim-1814847-2021-06-15, Jodhpur,"(26.2967719, 73.0351433)"
"Police: Stepson kills all of family, then dies by suicide",https://www.indiatoday.in/crime/story/police-stepson-kills-all-of-family-then-dies-by-suicide-1814539-2021-06-14, Dhanbad,"(23.7952809, 86.4309638)"
Odisha man sells minor daughter to repay loan; girl rescued after grandfather lodges FIR,https://www.indiatoday.in/crime/story/odisha-man-sells-minor-daughter-repay-debt-fir-lodged-1814545-2021-06-14, Bhubaneshwar,"(20.2602964, 85.8394521)"
"Out on bail, rape accused stabs victim to death in Rajasthan village",https://www.indiatoday.in/crime/story/rape-accused-murder-victim-rajasthan-1814497-2021-06-14, Sirohi,"(24.811404699999997, 72.83002573160249)"
Ghaziabad man kills parents after they deny him share in property,https://www.indiatoday.in/crime/story/ghaziabad-man-kills-parents-after-they-deny-him-share-in-property-1814461-2021-06-14, New Delhi,"(28.6138954, 77.2090057)"
Jharkhand man rapes minor stepdaughter after luring her with cold drink,https://www.indiatoday.in/crime/story/jharkhand-man-rape-stepdaughter-ranchi-cold-drink-pretext-1814454-2021-06-14, Ranchi,"(23.3700354, 85.3250132)"
Rajasthan: Prime accused in doctor couple's murder case held,https://www.indiatoday.in/crime/story/prime-accused-arrested-bharatpur-doctor-couple-murder-case-1814420-2021-06-14, Jaipur,"(26.9154576, 75.8189817)"
"Brownie points? NCB raids Mumbai bakery, seizes cannabis-based brownies",https://www.indiatoday.in/cities/mumbai/story/mumbai-malad-bakery-raid-cannabis-brownies-edibles-marijuana-seized-1814321-2021-06-13, Mumbai,"(19.0759899, 72.8773928)"
Self-styled guru Shiv Shankar Baba booked after sexual abuse complaints,https://www.indiatoday.in/cities/chennai/story/self-styled-guru-shiv-shankar-baba-booked-after-sexual-abuse-complaints-1814297-2021-06-13, Chennai,"(13.0836939, 80.270186)"
"Man lynched over cow theft suspicion in Assam's Tinsukia, 12 nabbed",https://www.indiatoday.in/crime/story/man-lynched-over-cow-theft-suspicion-in-assam-s-tinsukia-12-nabbed-1814269-2021-06-13, Guwahati,"(26.1805978, 91.753943)"
Cannabis worth Rs 1.1 crore seized from Delhi-bound oxygen carrier in Odisha,https://www.indiatoday.in/crime/story/odisha-ganja-worth-rs-1-1-crore-seized-from-delhi-bound-oxygen-carrier-1814238-2021-06-13, Bhubaneshwar,"(20.2602964, 85.8394521)"
"Gujarat man rapes, impregnates 19-year-old daughter",https://www.indiatoday.in/crime/story/gujarat-man-held-for-raping-impregnating-teenage-daughter-1814186-2021-06-13, New Delhi,"(28.6138954, 77.2090057)"
"TikTok star Vignesh Krishna arrested for raping, impregnating minor",https://www.indiatoday.in/crime/story/tiktok-star-vignesh-krishna-arrested-raping-impregnating-minor-kerala-1814183-2021-06-13, Thrissur,"(10.5256264, 76.2132542)"
"Covid positive Odisha man kills daughter, self; wife, three other children injured",https://www.indiatoday.in/cities/story/covid-positive-odisha-man-kills-daughter-self-wife-other-children-injured-1814180-2021-06-13, Sambalpur,"(21.4, 83.883333)"
Man held for setting ablaze patient at hospital in Madhya Pradesh's Sagar,https://www.indiatoday.in/crime/story/madhya-pradesh-sagar-hospital-man-fire-1813868-2021-06-12, New Delhi,"(28.6138954, 77.2090057)"
Assam Police arrests two for assault of 81-year-old doctor in Biswanath district,https://www.indiatoday.in/crime/story/assam-police-arrests-2-assault-doctor-biswanath-1813835-2021-06-12, Guwahati,"(26.1805978, 91.753943)"
"3 cops booked for stealing gold, cash after raid in Tamil Nadu's Vellore",https://www.indiatoday.in/crime/story/cops-stealing-gold-cash-raid-tamil-nadu-vellore-1813819-2021-06-12, Vellore,"(12.7948109, 79.0006410968549)"
"Thane: Woman dies after falling off auto while trying to get mobile phone back from robbers, 2 arrested",https://www.indiatoday.in/crime/story/thane-woman-dies-falling-off-auto-mobile-phone-robbers-1813400-2021-06-11, Thane,"(19.1943294, 72.9701779)"
Woman set on fire by live-in partner in Kerala's Kollam district dies,https://www.indiatoday.in/crime/story/woman-set-on-fire-by-live-in-partner-in-kerala-s-kollam-district-dies-1813347-2021-06-10, Kerala,"(10.3528744, 76.5120396)"
"Tortured by son during Covid lockdown, Marine Drive resident gets relief from Bombay High Court ",https://www.indiatoday.in/crime/story/tortured-by-son-during-covid-lockdown-marine-drive-resident-gets-relief-from-bombay-high-court-1813198-2021-06-10, Mumbai,"(19.0759899, 72.8773928)"
Grandmother kills 3-year-old to teach lesson to another after dispute in Rajasthan's Baran,https://www.indiatoday.in/crime/story/grandmother-kills-3-year-old-teach-lesson-to-another-dispute-rajasthan-baran-1813145-2021-06-10, Baran (Rajasthan),"(24.9171512, 76.69640322489136)"
"Minor boy humiliated, forced to dress like woman in Rajasthan’s Sikar; 4 held",https://www.indiatoday.in/crime/story/minor-boy-humiliated-forced-dress-woman-sikar-rajasthan-1812997-2021-06-10, Sikar,"(27.662826000000003, 75.02792628691331)"
"Udaipur: Milkman beheads camel as sacrifice for success, 4 arrested",https://www.indiatoday.in/crime/story/udaipur-milkman-beheads-camel-sacrifice-success-arrested-1812996-2021-06-10, Udaipur,"(24.578721, 73.6862571)"
"UP: Video of men molesting minor girl in sugarcane field goes viral, 5 arrested",https://www.indiatoday.in/crime/story/up-video-men-molesting-minor-sugarcane-field-viral-arrested-1812993-2021-06-10, Udaipur,"(24.578721, 73.6862571)"
"Jharkhand BJP leader's daughter found hanging from tree with eye gouged out, kin allege rape, murder",https://www.indiatoday.in/india/story/jharkhand-palamu-local-bjp-leader-daughter-rape-murder-eye-gouged-out-1812935-2021-06-09, Ranchi,"(23.3700354, 85.3250132)"
Haryana: Boxer stabbed to death as he tried to stop fight between two sides over molestation,https://www.indiatoday.in/crime/video/haryana-boxer-stabbed-to-death-as-he-tried-to-stop-fight-between-two-sides-over-molestation-1812879-2021-06-09, Ranchi,"(23.3700354, 85.3250132)"
Six youths held for cutting birthday cake with machete in Chennai,https://www.indiatoday.in/cities/chennai/story/six-youths-held-for-cutting-birthday-cake-with-machete-in-chennai-1812639-2021-06-09, New Delhi,"(28.6138954, 77.2090057)"
"Children forced to drink liquor at biriyani party in Karnataka, 2 arrested",https://www.indiatoday.in/crime/story/children-forced-drink-liquor-biriyani-party-karnataka-1812596-2021-06-09, New Delhi,"(28.6138954, 77.2090057)"
"Assam: Woman raped in Jorhat's fish market, 2 arrested ",https://www.indiatoday.in/india/story/assam-woman-raped-in-jorhats-fish-market-2-arrested-1812447-2021-06-08, Guwahati,"(26.1805978, 91.753943)"
Gujarat: Man kills wife publicly in Jamnagar over suspicion of affair,https://www.indiatoday.in/crime/story/gujarat-man-kills-wife-jamnagar-suspicion-affair-1812295-2021-06-08, New Delhi,"(28.6138954, 77.2090057)"
Mumbai: Man held for making fake Covid drugs at private lab in UP's Meerut,https://www.indiatoday.in/crime/story/mumbai-man-held-making-fake-covid-drugs-private-lab-meerut-1812228-2021-06-08, Mumbai,"(19.0759899, 72.8773928)"
"Job loss, property greed: Man kills brother in Haryana's Panchkula",https://www.indiatoday.in/crime/story/job-loss-property-greed-man-kills-brother-haryana-panchkula-1812217-2021-06-08, New Delhi,"(28.6138954, 77.2090057)"
"Angry with wife for delivering 3 daughters, MP man throws her, 2 kids in well; 1 dies",https://www.indiatoday.in/crime/story/angry-with-wife-3-daughters-mp-man-throws-her-2-kids-in-well-1-dies-1811701-2021-06-07, Bhopal,"(23.2584857, 77.401989)"
UP: Drunk man kills wife after she 'fails' to serve him salad with dinner,https://www.indiatoday.in/crime/story/up-drunk-man-kills-wife-shamli-1811159-2021-06-05, New Delhi,"(28.6138954, 77.2090057)"
"Delhi: E-rickshaw driver stabs woman multiple times, held",https://www.indiatoday.in/cities/delhi/story/delhi-e-rickshaw-driver-stabs-woman-multiple-times-held-1811086-2021-06-05, New Delhi,"(28.6138954, 77.2090057)"
"Groom abducted from mandap, threatened to call off wedding in UP ",https://www.indiatoday.in/crime/story/groom-abducted-mandap-uttar-pradesh-threatened-wedding-1810669-2021-06-04, New Delhi,"(28.6138954, 77.2090057)"
Customs seizes 367 iPhones worth over Rs 3 crore at Delhi airport ,https://www.indiatoday.in/cities/delhi/story/customs-seizes-367-iphones-worth-over-rs-3-crore-at-delhi-airport-1810461-2021-06-03, New Delhi,"(28.6138954, 77.2090057)"
Eight men free criminal from police custody during BJP leader's birthday celebrations in UP's Kanpur,https://www.indiatoday.in/crime/story/eight-men-free-criminal-from-police-custody-during-bjp-leader-s-birthday-celebrations-in-up-s-kanpur-1810186-2021-06-03, Kanpur,"(26.4609135, 80.3217588)"
"Salad served late, UP man hacks wife to death, leaves son in critical state",https://www.indiatoday.in/crime/story/salad-served-late-up-man-hacks-wife-to-death-1809892-2021-06-02, Shamli,"(29.5008816, 77.34838258540861)"
Cleric arrested for raping minor girl inside mosque in Delhi,https://www.indiatoday.in/cities/delhi/story/cleric-rapes-minor-year-old-girl-gone-fetch-water-delhi-mosque-arrested-1809861-2021-06-02, New Delhi,"(28.6138954, 77.2090057)"
Chennai: Survivors open up about their trauma as sexual harassment cases surface,https://www.indiatoday.in/crime/video/chennai-survivors-open-up-about-their-trauma-as-sexual-harassment-cases-surface-1809856-2021-06-02, New Delhi,"(28.6138954, 77.2090057)"
Odisha woman's body exhumed 2 days after death,https://www.indiatoday.in/crime/story/odisha-woman-s-body-exhumed-2-days-after-death-1809742-2021-06-02, Bhubaneshwar,"(20.2602964, 85.8394521)"
Young woman killed in running train in MP,https://www.indiatoday.in/crime/story/young-woman-killed-in-running-train-in-mp-1809738-2021-06-02, Bhopal,"(23.2584857, 77.401989)"
Ghaziabad man shoots wife for not bringing ‘enough’ dowry,https://www.indiatoday.in/crime/story/woman-shot-dead-husband-dowry-issue-ghaziabad-1809730-2021-06-02, Ghaziabad,"(28.711241, 77.4445372)"
"Mumbai: Woman kills husband with lover's help in front of minor daughter, buries body in her room",https://www.indiatoday.in/cities/mumbai/story/mumbai-woman-kills-husband-with-lover-s-help-in-front-of-minor-daughter-buries-body-in-her-room-1809719-2021-06-01, Mumbai,"(19.0759899, 72.8773928)"
"UP: Man kills wife, critically injures son for salad",https://www.indiatoday.in/crime/story/up-man-kills-wife-critically-injures-son-for-salad-1809616-2021-06-01, Muzaffarnagar (UP),"(29.44800635, 77.74068502568672)"
"Tamil Nadu: Gang posts videos of threatening people on road with weapons, 4 arrested",https://www.indiatoday.in/india/story/tamil-nadu-gang-posts-videos-of-threatening-people-on-road-with-weapons-4-arrested-1809575-2021-06-01, Muzaffarnagar (UP),"(29.44800635, 77.74068502568672)"
"'Will return your car tomorrow': Thief runs away with car in Jalandhar, finds old woman sitting inside",https://www.indiatoday.in/crime/story/jalandhar-model-town-car-theft-old-woman-1809397-2021-06-01, Jalandhar,"(31.29201065, 75.56805772253911)"
"Murder on cam: 19-year-old boy stabbed to death by two security guards, both at large",https://www.indiatoday.in/cities/story/security-guards-stab-to-death-19-year-old-boy-incident-caught-on-cctv-1809252-2021-05-31, Mumbai,"(19.0759899, 72.8773928)"
"Denied ambulance, Assam woman raped by 2 while walking home from hospital",https://www.indiatoday.in/crime/story/assam-hospital-ambulance-denied-rape-1808866-2021-05-31, New Delhi,"(28.6138954, 77.2090057)"
"Chhattisgarh: Daughter accuses man of raping, torturing her for over two years",https://www.indiatoday.in/crime/story/chhattisgarh-daughter-accuses-man-of-raping-torturing-her-for-over-two-years-1808811-2021-05-31, Raipur,"(21.2379469, 81.6336833)"
Man recently released from Tihar jail kills elderly neighbour in case of burglary gone wrong,https://www.indiatoday.in/cities/story/man-recently-released-from-tihar-jail-kills-elderly-neighbour-in-case-of-burglary-gone-wrong-1808771-2021-05-30, New Delhi,"(28.6138954, 77.2090057)"
"Kolkata: Fraudsters use device to block ATM to bank server, loot Rs 39.6 lakh",https://www.indiatoday.in/cities/kolkata/story/kolkata-atm-fraud-device-police-1808708-2021-05-30, Kolkata,"(22.5726723, 88.3638815)"
Students of another Chennai school accuse teacher of sexual harassment,https://www.indiatoday.in/india/video/students-of-another-chennai-school-accuse-teacher-of-sexual-harassment-1808684-2021-05-30, Kolkata,"(22.5726723, 88.3638815)"
Wanted criminal arrested in Jammu,https://www.indiatoday.in/crime/story/wanted-criminal-arrested-in-jammu-1808644-2021-05-30, Jammu,"(32.7185614, 74.8580917)"
"Doctor couple stopped, shot dead in Rajasthan's Bharatpur, incident caught on camera",https://www.indiatoday.in/india/story/doctor-couple-stopped-shot-dead-in-rajasthans-bharatpur-incident-caught-on-camera-1808370-2021-05-29, Bharatpur,"(27.26521245, 77.36912554739122)"
Caught on cam: 2 bike-borne men shot dead doctor and his wife at point-blank range in Rajasthan's Bharatpur,https://www.indiatoday.in/crime/video/caught-on-cam-2-bike-borne-men-shot-dead-doctor-and-his-wife-at-point-blank-range-in-rajasthan-s-bharatpur-1808257-2021-05-28, Bharatpur,"(27.26521245, 77.36912554739122)"
"Mumbai: Snatchers, who evaded police by going bald &amp; clean-shaven, arrested",https://www.indiatoday.in/cities/story/mumbai-police-nabs-snatcher-gang-who-went-bald-after-crime-spree-1808246-2021-05-28, Mumbai,"(19.0759899, 72.8773928)"
Man working in US gets wife killed in Tamil Nadu's Tiruvarur,https://www.indiatoday.in/crime/story/man-working-in-us-gets-wife-killed-in-tamil-nadu-s-tiruvarur-1808087-2021-05-28, Chennai,"(13.0836939, 80.270186)"
Popular Tamil Nadu YouTuber held for treating patients illegally,https://www.indiatoday.in/crime/story/porcheziyan-held-quackery-tamil-nadu-1808016-2021-05-28, Chennai,"(13.0836939, 80.270186)"
"60-year-old accused of molesting minor in UP thrashed with shoes, expelled from village on panchayat orders ",https://www.indiatoday.in/crime/story/uttar-pradesh-man-molest-minor-girl-panchayat-orders-verdict-arrest-1807958-2021-05-28, New Delhi,"(28.6138954, 77.2090057)"
'Operation Pehchan': Agra Police to launch app to help identify criminals,https://www.indiatoday.in/cities/agra/story/agra-police-operation-pehchan-criminal-identification-1807391-2021-05-27, Agra,"(27.1752554, 78.0098161)"
Assam: Villagers beat tribal man to death on suspicion of 'witchcraft',https://www.indiatoday.in/india/story/assam-villagers-beat-tribal-man-death-witchcraft-1806531-2021-05-25, Guwahati,"(26.1805978, 91.753943)"
"Over 2,000 people booked after communal clash breaks out over fishing boat accident in Gujarat's Gir ",https://www.indiatoday.in/india/story/guj-communal-clash-fir-registered-against-over-2-000-people-1806284-2021-05-24, Gir Somnath,"(20.9911049, 70.68806405046848)"
"Five of Dalit family, including 3 kids, killed over property dispute in Ayodhya",https://www.indiatoday.in/crime/story/five-of-a-family-including-3-kids-killed-over-property-dispute-up-police-1806186-2021-05-24, Ayodhya,"(26.7990707, 82.2052321)"
Mumbai cabbie stoned to death with pavement block for refusing to ferry passenger,https://www.indiatoday.in/cities/mumbai/story/mumbai-taxi-driver-killed-using-paver-block-fruit-vendor-held-1806170-2021-05-24, Mumbai,"(19.0759899, 72.8773928)"
"Dog tied to bike and dragged in Mangaluru, 2 arrested",https://www.indiatoday.in/crime/story/dog-tied-to-bike-and-dragged-in-mangaluru-2-arrested-1806152-2021-05-24, Mangaluru,"(12.8698101, 74.8430082)"
"Man hacks brother, sister-in-law to death, chops off one-year-old nephew's limbs: Police",https://www.indiatoday.in/crime/story/man-hacks-brother-sister-in-law-to-death-chops-off-one-year-old-nephews-limbs-1806138-2021-05-24, Bhadohi,"(25.422922749999998, 82.48843708088575)"
"UP: Home guard held for beating Unnao vegetable vendor to death, SHO shunted out",https://www.indiatoday.in/crime/story/up-home-guard-held-for-beating-unnao-vegetable-vendor-to-death-sho-shunted-out-1806106-2021-05-24, Unnao,"(26.57550365, 80.61376177782856)"
"Chhattisgarh: District collector slaps youth, smashes phone for violating Covid guidelines",https://www.indiatoday.in/india/video/chhattisgarh-district-collector-slaps-youth-smashes-phone-for-violating-covid-guidelines-1805943-2021-05-23, Unnao,"(26.57550365, 80.61376177782856)"
Woman's body found inside steel drum in Navi Mumbai,https://www.indiatoday.in/crime/story/woman-body-steel-drum-navi-mumbai-1805543-2021-05-22, Thane,"(19.1943294, 72.9701779)"
"Rajasthan HC dismisses Asaram's bail plea, directs jail authorities to ensure medical care",https://www.indiatoday.in/india/story/rajasthan-high-court-rejects-asaram-s-bail-plea-1805364-2021-05-21, New Delhi,"(28.6138954, 77.2090057)"
UP man stones sister to death for talking to someone on the phone,https://www.indiatoday.in/crime/story/uttar-pradesh-man-arrested-for-stoning-sister-to-death-in-case-of-honour-killing-1805293-2021-05-21, Muzaffarnagar,"(29.44800635, 77.74068502568672)"
Village head shot dead in UP's Bareilly,https://www.indiatoday.in/crime/story/village-head-shot-dead-in-up-s-bareilly-1805079-2021-05-21, Bareilly,"(28.457876, 79.40557093743058)"
"Robbers chop off man's hand, flee with tablet and cash in Amritsar",https://www.indiatoday.in/crime/story/robbers-cut-mans-hand-tablet-cash-amritsar-1804272-2021-05-19, New Delhi,"(28.6138954, 77.2090057)"
"2 Nagpur men held for stealing phones, jewellery from Covid bodies",https://www.indiatoday.in/crime/story/2-nagpur-men-held-for-stealing-phones-jewellery-from-covid-bodies-1804226-2021-05-19, Nagpur,"(21.1498134, 79.0820556)"
Army Relation Recruitment Exam: Pune police arrest Lieutenant Colonel rank officer in paper leak case,https://www.indiatoday.in/crime/story/army-paper-leak-case-lieutenant-colonel-rank-officer-arrested-1804024-2021-05-18, Pune,"(18.521428, 73.8544541)"
"Nagpur: Income Tax commissioner booked for raping woman doctor, forcing her to abort",https://www.indiatoday.in/crime/story/nagpur-income-tax-commissioner-booked-for-raping-woman-doctor-forcing-her-to-abort-1803350-2021-05-17, Nagpur,"(21.1498134, 79.0820556)"
25 men gangrape woman after Facebook friend lures her into forest in Delhi,https://www.indiatoday.in/crime/story/delhi-25-men-take-turns-to-gangrape-woman-in-ramgarh-village-1803085-2021-05-16, New Delhi,"(28.6138954, 77.2090057)"
"3 gangrape, thrash 21-year-old woman in front of her friend in Andhra Pradesh",https://www.indiatoday.in/crime/story/3-gangrape-thrash-21-year-old-woman-in-front-of-her-friend-in-andhra-pradesh-1802924-2021-05-15, Visakhapatnam,"(17.7231276, 83.3012842)"
Jaipur woman stabs brother-in-law to death after argument with his wife over 'dahi bhalla',https://www.indiatoday.in/cities/jaipur/story/jaipur-woman-brother-law-death-argument-wife-1802097-2021-05-13, Jaipur,"(26.9154576, 75.8189817)"
"Mumbai: Woman raped, her body with throat slit found near Bandra Kurla Complex",https://www.indiatoday.in/cities/mumbai/story/mumbai-woman-s-body-with-throat-slit-found-at-bandra-kurla-complex-1801616-2021-05-12, New Delhi,"(28.6138954, 77.2090057)"
Rape-accused ties knot with complainant at police station in Rajasthan's Kota,https://www.indiatoday.in/crime/story/rajasthan-rape-accused-ties-nuptial-knot-with-complainant-at-police-station-1801327-2021-05-12, Kota,"(25.1968256, 76.00089330885552)"
"Indian-origin man charged with killing, sexually abusing his 65-year-old mother in New York",https://www.indiatoday.in/crime/story/indian-origin-man-charged-with-killing-sexually-abusing-his-65-year-old-mother-in-new-york-1801360-2021-05-11, New York,"(18.9585343, 72.8241587)"
" Man opens fire after argument over 'litti' at wedding party in Bihar’s Gopalganj; 1 killed, 3 injured ",https://www.indiatoday.in/crime/story/man-fire-argument-litti-wedding-party-bihar-gopalganj-killed-1800835-2021-05-10, Gopalganj,"(26.4207265, 84.37406407415165)"
Delhi Police conducts raid at Navneet Kalra's Chattarpur farmhouse,https://www.indiatoday.in/crime/video/delhi-police-conducts-raid-at-navneet-kalra-s-chattarpur-farmhouse-1800561-2021-05-09, Gopalganj,"(26.4207265, 84.37406407415165)"
Delhi Police busts Afghan couple transporting 125 kg heroin worth Rs 860 crore,https://www.indiatoday.in/cities/delhi/story/delhi-police-drug-bust-afghan-nationals-couple-arrested-heroin-1800280-2021-05-08, New Delhi,"(28.6138954, 77.2090057)"
"Fake e-passes with names of Donald Trump, Amitabh Bachchan used to enter Himachal amid Covid surge, FIR lodged",https://www.indiatoday.in/crime/story/fake-epass-donald-trump-amitabh-bachchan-himachal-covid-fir-1800123-2021-05-08, Shimla,"(31.1041526, 77.1709729)"
"Delhi: Fire extinguishers painted and sold as oxygen cylinders, 3 arrested",https://www.indiatoday.in/cities/delhi/story/delhi-oxygen-cylinder-scam-racket-corona-patients-covid-hospitals-shortage-1799641-2021-05-06, New Delhi,"(28.6138954, 77.2090057)"
Conman nurse behind string of robberies in Pune found victims from nursing home lists,https://www.indiatoday.in/crime/story/pune-robbery-male-nurse-housing-complex-1799491-2021-05-06, Mumbai,"(19.0759899, 72.8773928)"
"Man found dead in Madurai, his suicide note solves mystery of missing yoga teacher",https://www.indiatoday.in/crime/story/madurai-lawyer-suicide-missing-yoga-teacher-dead-1798993-2021-05-05, Chennai,"(13.0836939, 80.270186)"
Covid positive man booked for sexually assaulting another patient at Odisha hospital,https://www.indiatoday.in/crime/story/covid-positive-man-booked-sexually-assaulting-another-patient-odisha-hospital-1798055-2021-05-02, Bhubaneswar,"(20.2667774, 85.8435592)"
Man who walked 5 km with burn injuries dies in Bhubaneswar,https://www.indiatoday.in/crime/story/man-walked-5-km-burn-injuries-dies-bhubaneswar-1796485-2021-04-30, Cuttack,"(20.4686, 85.8792)"
Kerala: Cops bust fake Covid-19 RT-PCR test racket in Ernakulam ,https://www.indiatoday.in/crime/story/kerala-cops-bust-fake-covid-19-rt-pcr-test-racket-in-ernakulam-1796469-2021-04-30, Thiruvananthapuram,"(8.576970549999999, 77.05012463730725)"
"Eight-month pregnant 'drug queen' shot dead by fourth husband in Delhi's Nizamuddin, CCTV captures crime",https://www.indiatoday.in/cities/delhi/story/eight-month-pregnant-drug-queen-shot-by-husband-cctv-captures-1795759-2021-04-28, New Delhi,"(28.6138954, 77.2090057)"
